category,num_train_images,seed,image_auroc,pixel_aupr,memory_bank_size_mb
bottle,1,0,0.9968254566192627,0.7808829545974731,0.45703125
bottle,1,1,0.9849205613136292,0.7563246488571167,0.45703125
bottle,1,2,0.9976190328598022,0.7776660919189453,0.45703125
bottle,1,3,0.9976190328598022,0.7702715396881104,0.45703125
bottle,1,4,0.9968254566192627,0.7715467214584351,0.45703125
bottle,1,5,0.9992064237594604,0.775033175945282,0.45703125
bottle,1,6,0.9944444894790649,0.7883142828941345,0.45703125
bottle,1,7,0.9984127283096313,0.7838645577430725,0.45703125
bottle,1,8,0.995238184928894,0.7768898010253906,0.45703125
bottle,1,9,0.9896824955940247,0.753060519695282,0.45703125
bottle,2,0,0.9968254566192627,0.7808312773704529,0.9140625
bottle,2,1,1.0,0.7821271419525146,0.9140625
bottle,2,2,0.9976190328598022,0.7852334380149841,0.9140625
bottle,2,3,0.9976190328598022,0.7818036079406738,0.9140625
bottle,2,4,1.0,0.7854945063591003,0.9140625
bottle,2,5,0.995238184928894,0.7831892967224121,0.9140625
bottle,2,6,0.9944444894790649,0.7875129580497742,0.9140625
bottle,2,7,0.9976190328598022,0.7843472361564636,0.9140625
bottle,2,8,0.9960317611694336,0.7847264409065247,0.9140625
bottle,2,9,1.0,0.7805184721946716,0.9140625
bottle,5,0,0.9968254566192627,0.7869942784309387,2.296875
bottle,5,1,1.0,0.7861400246620178,2.296875
bottle,5,2,1.0,0.786070704460144,2.296875
bottle,5,3,0.9976190328598022,0.7838919162750244,2.296875
bottle,5,4,1.0,0.7857558727264404,2.296875
bottle,5,5,1.0,0.7843742370605469,2.296875
bottle,5,6,0.9944444894790649,0.7892816066741943,2.296875
bottle,5,7,0.9944444894790649,0.7852814793586731,2.296875
bottle,5,8,0.9944444894790649,0.7851389050483704,2.296875
bottle,5,9,1.0,0.7799537777900696,2.296875
bottle,10,0,0.9976190328598022,0.7862411737442017,4.59375
bottle,10,1,1.0,0.7840349078178406,4.59375
bottle,10,2,1.0,0.7876012921333313,4.59375
bottle,10,3,1.0,0.7823983430862427,4.59375
bottle,10,4,1.0,0.7830851674079895,4.59375
bottle,10,5,1.0,0.7828395962715149,4.59375
bottle,10,6,0.9976190328598022,0.7867705821990967,4.59375
bottle,10,7,0.9944444894790649,0.7848540544509888,4.59375
bottle,10,8,1.0,0.782906711101532,4.59375
bottle,10,9,1.0,0.7810636162757874,4.59375
bottle,15,0,1.0,0.7853627800941467,6.890625
bottle,15,1,1.0,0.7828931212425232,6.890625
bottle,15,2,1.0,0.7867113947868347,6.890625
bottle,15,3,1.0,0.780973494052887,6.890625
bottle,15,4,1.0,0.7811639904975891,6.890625
bottle,15,5,1.0,0.7785396575927734,6.890625
bottle,15,6,1.0,0.7806786298751831,6.890625
bottle,15,7,1.0,0.7821746468544006,6.890625
bottle,15,8,1.0,0.7794263362884521,6.890625
bottle,15,9,1.0,0.7793445587158203,6.890625
bottle,20,0,1.0,0.7848296165466309,9.1875
bottle,20,1,1.0,0.784650444984436,9.1875
bottle,20,2,1.0,0.7826451659202576,9.1875
bottle,20,3,1.0,0.7808814644813538,9.1875
bottle,20,4,1.0,0.7804780602455139,9.1875
bottle,20,5,1.0,0.7811524868011475,9.1875
bottle,20,6,1.0,0.7807391285896301,9.1875
bottle,20,7,1.0,0.7820093035697937,9.1875
bottle,20,8,1.0,0.7823439836502075,9.1875
bottle,20,9,1.0,0.7788218259811401,9.1875
bottle,30,0,1.0,0.7833618521690369,13.78125
bottle,30,1,1.0,0.77969890832901,13.78125
bottle,30,2,1.0,0.7828287482261658,13.78125
bottle,30,3,1.0,0.7811346650123596,13.78125
bottle,30,4,1.0,0.7791972756385803,13.78125
bottle,30,5,1.0,0.7804872393608093,13.78125
bottle,30,6,1.0,0.7811358571052551,13.78125
bottle,30,7,1.0,0.7789075970649719,13.78125
bottle,30,8,1.0,0.7820654511451721,13.78125
bottle,30,9,1.0,0.7788379192352295,13.78125
bottle,50,0,1.0,0.7824863195419312,22.96875
bottle,50,1,1.0,0.7798089385032654,22.96875
bottle,50,2,1.0,0.7825897336006165,22.96875
bottle,50,3,1.0,0.7789626717567444,22.96875
bottle,50,4,1.0,0.7766403555870056,22.96875
bottle,50,5,1.0,0.7760438323020935,22.96875
bottle,50,6,1.0,0.7799655795097351,22.96875
bottle,50,7,1.0,0.7788538336753845,22.96875
bottle,50,8,1.0,0.7807897925376892,22.96875
bottle,50,9,1.0,0.7784051299095154,22.96875
bottle,52,0,1.0,0.7814937233924866,23.8828125
bottle,52,1,1.0,0.7798383235931396,23.8828125
bottle,52,2,1.0,0.7838160991668701,23.8828125
bottle,52,3,1.0,0.7786232233047485,23.8828125
bottle,52,4,1.0,0.7772290706634521,23.8828125
bottle,52,5,1.0,0.7778214812278748,23.8828125
bottle,52,6,1.0,0.7814421653747559,23.8828125
bottle,52,7,1.0,0.7769859433174133,23.8828125
bottle,52,8,1.0,0.7816144227981567,23.8828125
bottle,52,9,1.0,0.7788228392601013,23.8828125
bottle,104,0,1.0,0.7770647406578064,47.771484375
bottle,104,1,1.0,0.7796787023544312,47.771484375
bottle,104,2,1.0,0.7819145321846008,47.771484375
bottle,104,3,1.0,0.7785900235176086,47.771484375
bottle,104,4,1.0,0.7767115235328674,47.771484375
bottle,104,5,1.0,0.7805870175361633,47.771484375
bottle,104,6,1.0,0.7801640629768372,47.771484375
bottle,104,7,1.0,0.780095636844635,47.771484375
bottle,104,8,1.0,0.7804089784622192,47.771484375
bottle,104,9,1.0,0.7787704467773438,47.771484375
bottle,156,0,1.0,0.7789028882980347,71.66015625
bottle,156,1,1.0,0.780860424041748,71.66015625
bottle,156,2,1.0,0.781279444694519,71.66015625
bottle,156,3,1.0,0.7798961400985718,71.66015625
bottle,156,4,1.0,0.7776473164558411,71.66015625
bottle,156,5,1.0,0.7804645299911499,71.66015625
bottle,156,6,1.0,0.7785639762878418,71.66015625
bottle,156,7,1.0,0.779839277267456,71.66015625
bottle,156,8,1.0,0.7770093083381653,71.66015625
bottle,156,9,1.0,0.7788414359092712,71.66015625
bottle,209,0,1.0,0.7781006097793579,96.005859375
bottle,209,1,1.0,0.7783212065696716,96.005859375
bottle,209,2,1.0,0.7783560156822205,96.005859375
bottle,209,3,1.0,0.7777025103569031,96.005859375
bottle,209,4,1.0,0.777682900428772,96.005859375
bottle,209,5,1.0,0.778658926486969,96.005859375
bottle,209,6,1.0,0.7778492569923401,96.005859375
bottle,209,7,1.0,0.7777843475341797,96.005859375
bottle,209,8,1.0,0.7779911756515503,96.005859375
bottle,209,9,1.0,0.7777617573738098,96.005859375
cable,1,0,0.7786731123924255,0.4826413691043854,0.45703125
cable,1,1,0.8244002461433411,0.507550835609436,0.45703125
cable,1,2,0.839017927646637,0.4771648943424225,0.45703125
cable,1,3,0.8763117790222168,0.512946367263794,0.45703125
cable,1,4,0.9044227600097656,0.5190780758857727,0.45703125
cable,1,5,0.7826086282730103,0.4888918399810791,0.45703125
cable,1,6,0.8699400424957275,0.5311692357063293,0.45703125
cable,1,7,0.8433283567428589,0.4907051622867584,0.45703125
cable,1,8,0.8712518215179443,0.5197392702102661,0.45703125
cable,1,9,0.8146551847457886,0.4779775142669678,0.45703125
cable,2,0,0.8257122039794922,0.5324460864067078,0.9140625
cable,2,1,0.8928035497665405,0.5666976571083069,0.9140625
cable,2,2,0.8808096051216125,0.5446599721908569,0.9140625
cable,2,3,0.9081709384918213,0.5808071494102478,0.9140625
cable,2,4,0.8740630149841309,0.5360754728317261,0.9140625
cable,2,5,0.7976011633872986,0.4857809245586395,0.9140625
cable,2,6,0.8858695030212402,0.5623629689216614,0.9140625
cable,2,7,0.930284857749939,0.5653332471847534,0.9140625
cable,2,8,0.8680660724639893,0.5487863421440125,0.9140625
cable,2,9,0.8802473545074463,0.5351542234420776,0.9140625
cable,5,0,0.9160420298576355,0.5947887301445007,2.296875
cable,5,1,0.9270989298820496,0.6127787828445435,2.296875
cable,5,2,0.9297226071357727,0.5900492072105408,2.296875
cable,5,3,0.9317842125892639,0.6121104955673218,2.296875
cable,5,4,0.947526216506958,0.5967323184013367,2.296875
cable,5,5,0.8663793802261353,0.5498085618019104,2.296875
cable,5,6,0.9248500466346741,0.6124345064163208,2.296875
cable,5,7,0.925787091255188,0.6140205264091492,2.296875
cable,5,8,0.9443402886390686,0.6178590655326843,2.296875
cable,5,9,0.8896176815032959,0.6022710204124451,2.296875
cable,10,0,0.9254122972488403,0.6133714914321899,4.59375
cable,10,1,0.9345952272415161,0.6299329400062561,4.59375
cable,10,2,0.958208441734314,0.6179884672164917,4.59375
cable,10,3,0.9477136135101318,0.6216444969177246,4.59375
cable,10,4,0.9572713375091553,0.6204111576080322,4.59375
cable,10,5,0.9107945561408997,0.61263507604599,4.59375
cable,10,6,0.9632683992385864,0.6312731504440308,4.59375
cable,10,7,0.9257872104644775,0.613047182559967,4.59375
cable,10,8,0.9531484842300415,0.6299382448196411,4.59375
cable,10,9,0.9445277452468872,0.6250911951065063,4.59375
cable,15,0,0.9567091464996338,0.6350576281547546,6.890625
cable,15,1,0.9512743353843689,0.6326863169670105,6.890625
cable,15,2,0.9595202803611755,0.6267903447151184,6.890625
cable,15,3,0.9449025988578796,0.6237770318984985,6.890625
cable,15,4,0.9379684925079346,0.6321381330490112,6.890625
cable,15,5,0.9233508706092834,0.6265859603881836,6.890625
cable,15,6,0.9784482717514038,0.6460051536560059,6.890625
cable,15,7,0.9321589469909668,0.6294946670532227,6.890625
cable,15,8,0.9555847644805908,0.6400543451309204,6.890625
cable,15,9,0.9632683992385864,0.6335038542747498,6.890625
cable,20,0,0.9664543271064758,0.6401002407073975,9.1875
cable,20,1,0.9484632611274719,0.6344481110572815,9.1875
cable,20,2,0.9657047390937805,0.63170325756073,9.1875
cable,20,3,0.9435907602310181,0.6345226168632507,9.1875
cable,20,4,0.9585831761360168,0.6395254731178284,9.1875
cable,20,5,0.9344077706336975,0.6354769468307495,9.1875
cable,20,6,0.9733883142471313,0.6431741714477539,9.1875
cable,20,7,0.9527736306190491,0.6410900354385376,9.1875
cable,20,8,0.973763108253479,0.6436203718185425,9.1875
cable,20,9,0.9580209851264954,0.6426960825920105,9.1875
cable,30,0,0.9765742421150208,0.6494613885879517,13.78125
cable,30,1,0.9591453671455383,0.6415642499923706,13.78125
cable,30,2,0.9677661657333374,0.647394597530365,13.78125
cable,30,3,0.9627061486244202,0.6444324254989624,13.78125
cable,30,4,0.9608321189880371,0.6453210115432739,13.78125
cable,30,5,0.9583957195281982,0.6467185020446777,13.78125
cable,30,6,0.9720764756202698,0.6486164927482605,13.78125
cable,30,7,0.9505247473716736,0.6480634808540344,13.78125
cable,30,8,0.9776986241340637,0.6476330757141113,13.78125
cable,30,9,0.9773238301277161,0.645946204662323,13.78125
cable,50,0,0.9767615795135498,0.6526703834533691,22.96875
cable,50,1,0.9797601103782654,0.6540145874023438,22.96875
cable,50,2,0.984632670879364,0.6582670211791992,22.96875
cable,50,3,0.9717016220092773,0.655194103717804,22.96875
cable,50,4,0.9733882546424866,0.6535494923591614,22.96875
cable,50,5,0.9658921360969543,0.6566958427429199,22.96875
cable,50,6,0.9842578768730164,0.6556052565574646,22.96875
cable,50,7,0.9685157537460327,0.6531795263290405,22.96875
cable,50,8,0.9754498600959778,0.6539870500564575,22.96875
cable,50,9,0.9696401357650757,0.6560362577438354,22.96875
cable,56,0,0.9773238301277161,0.6531540155410767,25.72265625
cable,56,1,0.9776986837387085,0.6512182950973511,25.72265625
cable,56,2,0.9767616391181946,0.6581022143363953,25.72265625
cable,56,3,0.9658920764923096,0.6545843482017517,25.72265625
cable,56,4,0.9724513292312622,0.6564714312553406,25.72265625
cable,56,5,0.966266930103302,0.6577138900756836,25.72265625
cable,56,6,0.985007643699646,0.6560622453689575,25.72265625
cable,56,7,0.9645801782608032,0.6576535701751709,25.72265625
cable,56,8,0.9713268280029297,0.6618231534957886,25.72265625
cable,56,9,0.9793853163719177,0.6600576639175415,25.72265625
cable,112,0,0.979385256767273,0.6602177619934082,51.4453125
cable,112,1,0.9876312017440796,0.6616322994232178,51.4453125
cable,112,2,0.9812594056129456,0.6615694165229797,51.4453125
cable,112,3,0.9842578768730164,0.6597533226013184,51.4453125
cable,112,4,0.9778860211372375,0.6596430540084839,51.4453125
cable,112,5,0.986319363117218,0.6608061790466309,51.4453125
cable,112,6,0.9896926879882812,0.6614367365837097,51.4453125
cable,112,7,0.9795727133750916,0.6620499491691589,51.4453125
cable,112,8,0.9821963310241699,0.6618896722793579,51.4453125
cable,112,9,0.9823837876319885,0.6656588912010193,51.4453125
cable,168,0,0.9876311421394348,0.6662793755531311,77.173828125
cable,168,1,0.988006055355072,0.6631863117218018,77.173828125
cable,168,2,0.9853823184967041,0.6657145619392395,77.173828125
cable,168,3,0.988006055355072,0.6657382845878601,77.173828125
cable,168,4,0.984445333480835,0.6633368134498596,77.173828125
cable,168,5,0.9775112271308899,0.6663788557052612,77.173828125
cable,168,6,0.9883808493614197,0.6621321439743042,77.173828125
cable,168,7,0.9874438643455505,0.665131151676178,77.173828125
cable,168,8,0.9861319661140442,0.665338397026062,77.173828125
cable,168,9,0.9863194227218628,0.6671573519706726,77.173828125
cable,224,0,0.9895052909851074,0.6660656929016113,102.896484375
cable,224,1,0.9887555837631226,0.6672435402870178,102.896484375
cable,224,2,0.9870689511299133,0.6678325533866882,102.896484375
cable,224,3,0.9902548789978027,0.6688477396965027,102.896484375
cable,224,4,0.9842579960823059,0.669223427772522,102.896484375
cable,224,5,0.9887556433677673,0.6668434739112854,102.896484375
cable,224,6,0.9883807897567749,0.6678802967071533,102.896484375
cable,224,7,0.9835082292556763,0.6669162511825562,102.896484375
cable,224,8,0.986319363117218,0.6675400733947754,102.896484375
cable,224,9,0.9895052313804626,0.6666304469108582,102.896484375
capsule,1,0,0.6170721650123596,0.29380545020103455,0.45703125
capsule,1,1,0.6426007151603699,0.20417752861976624,0.45703125
capsule,1,2,0.6497806310653687,0.21796126663684845,0.45703125
capsule,1,3,0.6876745223999023,0.3398473858833313,0.45703125
capsule,1,4,0.6437973976135254,0.32593581080436707,0.45703125
capsule,1,5,0.6449939608573914,0.24690571427345276,0.45703125
capsule,1,6,0.7407259345054626,0.38113290071487427,0.45703125
capsule,1,7,0.6828879117965698,0.2331344038248062,0.45703125
capsule,1,8,0.6469884514808655,0.20290720462799072,0.45703125
capsule,1,9,0.6872755885124207,0.2586761713027954,0.45703125
capsule,2,0,0.7136018872261047,0.39032068848609924,0.9140625
capsule,2,1,0.684882402420044,0.25046873092651367,0.9140625
capsule,2,2,0.8129239082336426,0.3456323742866516,0.9140625
capsule,2,3,0.7447147369384766,0.3972325325012207,0.9140625
capsule,2,4,0.7415237426757812,0.3842577338218689,0.9140625
capsule,2,5,0.7754287719726562,0.3599766790866852,0.9140625
capsule,2,6,0.7937774658203125,0.41142505407333374,0.9140625
capsule,2,7,0.7774232029914856,0.3593229651451111,0.9140625
capsule,2,8,0.6529716849327087,0.21782414615154266,0.9140625
capsule,2,9,0.7534902095794678,0.3464340269565582,0.9140625
capsule,5,0,0.83246910572052,0.4150139391422272,2.296875
capsule,5,1,0.8085361123085022,0.3900909125804901,2.296875
capsule,5,2,0.8595931529998779,0.41234290599823,2.296875
capsule,5,3,0.7463103532791138,0.3896794319152832,2.296875
capsule,5,4,0.8735540509223938,0.4316864311695099,2.296875
capsule,5,5,0.8747506737709045,0.4197327792644501,2.296875
capsule,5,6,0.792580783367157,0.41855388879776,2.296875
capsule,5,7,0.8839249610900879,0.4265620708465576,2.296875
capsule,5,8,0.8220981359481812,0.41864141821861267,2.296875
capsule,5,9,0.8432389497756958,0.425760954618454,2.296875
capsule,10,0,0.8408457040786743,0.41926562786102295,4.59375
capsule,10,1,0.9222177863121033,0.4348987340927124,4.59375
capsule,10,2,0.8623853325843811,0.4202300012111664,4.59375
capsule,10,3,0.8667730689048767,0.4124106168746948,4.59375
capsule,10,4,0.9138412475585938,0.43371251225471497,4.59375
capsule,10,5,0.879936158657074,0.42011624574661255,4.59375
capsule,10,6,0.8508176803588867,0.4404524862766266,4.59375
capsule,10,7,0.9162344932556152,0.4331444799900055,4.59375
capsule,10,8,0.8332668542861938,0.43558210134506226,4.59375
capsule,10,9,0.8699641227722168,0.438125878572464,4.59375
capsule,15,0,0.8683686256408691,0.418323814868927,6.890625
capsule,15,1,0.9357796907424927,0.4475533366203308,6.890625
capsule,15,2,0.8934981822967529,0.44152286648750305,6.890625
capsule,15,3,0.9022736549377441,0.4487532377243042,6.890625
capsule,15,4,0.9154368042945862,0.44462165236473083,6.890625
capsule,15,5,0.9238133430480957,0.44028738141059875,6.890625
capsule,15,6,0.8683686256408691,0.4366227984428406,6.890625
capsule,15,7,0.9274032115936279,0.4439646601676941,6.890625
capsule,15,8,0.8759473562240601,0.44659438729286194,6.890625
capsule,15,9,0.9050658345222473,0.4549601674079895,6.890625
capsule,20,0,0.8560031652450562,0.4206751883029938,9.1875
capsule,20,1,0.9341842532157898,0.4509691894054413,9.1875
capsule,20,2,0.899481475353241,0.4452168643474579,9.1875
capsule,20,3,0.9325886964797974,0.44786337018013,9.1875
capsule,20,4,0.9230154752731323,0.44362717866897583,9.1875
capsule,20,5,0.9393697381019592,0.4503403306007385,9.1875
capsule,20,6,0.8695652484893799,0.439308762550354,9.1875
capsule,20,7,0.9305943250656128,0.45662903785705566,9.1875
capsule,20,8,0.8719584941864014,0.4466515779495239,9.1875
capsule,20,9,0.9098523855209351,0.4518185257911682,9.1875
capsule,30,0,0.9361786842346191,0.4569298326969147,13.78125
capsule,30,1,0.9405664205551147,0.45696935057640076,13.78125
capsule,30,2,0.9417631030082703,0.46068283915519714,13.78125
capsule,30,3,0.9262065887451172,0.4536421597003937,13.78125
capsule,30,4,0.9210211634635925,0.45819899439811707,13.78125
capsule,30,5,0.949341893196106,0.4503820538520813,13.78125
capsule,30,6,0.8695651888847351,0.4649433493614197,13.78125
capsule,30,7,0.9262065887451172,0.45999324321746826,13.78125
capsule,30,8,0.9098524451255798,0.4538039267063141,13.78125
capsule,30,9,0.9174311757087708,0.45346155762672424,13.78125
capsule,50,0,0.966094970703125,0.46505996584892273,22.96875
capsule,50,1,0.9445552825927734,0.45866385102272034,22.96875
capsule,50,2,0.9537293910980225,0.46106013655662537,22.96875
capsule,50,3,0.9441563487052917,0.4642333388328552,22.96875
capsule,50,4,0.9301954507827759,0.4634217917919159,22.96875
capsule,50,5,0.9417631030082703,0.45189690589904785,22.96875
capsule,50,6,0.9226166009902954,0.4671567678451538,22.96875
capsule,50,7,0.9341842532157898,0.45972275733947754,22.96875
capsule,50,8,0.9070602059364319,0.4579462707042694,22.96875
capsule,50,9,0.9449540972709656,0.4591841399669647,22.96875
capsule,54,0,0.9613083004951477,0.46259260177612305,24.802734375
capsule,54,1,0.9421619176864624,0.4580271244049072,24.802734375
capsule,54,2,0.9533306956291199,0.4602053165435791,24.802734375
capsule,54,3,0.9325888156890869,0.4622628092765808,24.802734375
capsule,54,4,0.9285998940467834,0.46596860885620117,24.802734375
capsule,54,5,0.9485441446304321,0.45286473631858826,24.802734375
capsule,54,6,0.9501396417617798,0.4687947630882263,24.802734375
capsule,54,7,0.9325886964797974,0.4601086378097534,24.802734375
capsule,54,8,0.9074591398239136,0.45502573251724243,24.802734375
capsule,54,9,0.9461508393287659,0.4582037329673767,24.802734375
capsule,109,0,0.9652971625328064,0.4647424817085266,50.068359375
capsule,109,1,0.9437574744224548,0.46030062437057495,50.068359375
capsule,109,2,0.9648982286453247,0.46168652176856995,50.068359375
capsule,109,3,0.9465495944023132,0.4589705169200897,50.068359375
capsule,109,4,0.9613084197044373,0.46804749965667725,50.068359375
capsule,109,5,0.9740725755691528,0.4650420844554901,50.068359375
capsule,109,6,0.9605106115341187,0.4645940661430359,50.068359375
capsule,109,7,0.9533306360244751,0.46571704745292664,50.068359375
capsule,109,8,0.9445552825927734,0.4574039578437805,50.068359375
capsule,109,9,0.946549654006958,0.46008536219596863,50.068359375
capsule,164,0,0.9736737012863159,0.46539637446403503,75.333984375
capsule,164,1,0.9577184319496155,0.4604627192020416,75.333984375
capsule,164,2,0.9672915935516357,0.46281465888023376,75.333984375
capsule,164,3,0.9680893421173096,0.4630867838859558,75.333984375
capsule,164,4,0.9625049829483032,0.4686400890350342,75.333984375
capsule,164,5,0.9764659404754639,0.4651390612125397,75.333984375
capsule,164,6,0.9585161209106445,0.46609947085380554,75.333984375
capsule,164,7,0.9736737012863159,0.4661182761192322,75.333984375
capsule,164,8,0.9708815813064575,0.4622914791107178,75.333984375
capsule,164,9,0.9772636890411377,0.4640626013278961,75.333984375
capsule,219,0,0.9804548025131226,0.4665807783603668,100.599609375
capsule,219,1,0.9784603118896484,0.46532145142555237,100.599609375
capsule,219,2,0.979656994342804,0.4652218222618103,100.599609375
capsule,219,3,0.9784603118896484,0.4660651683807373,100.599609375
capsule,219,4,0.9724770784378052,0.46801477670669556,100.599609375
capsule,219,5,0.9804548025131226,0.4673183560371399,100.599609375
capsule,219,6,0.9796569347381592,0.46680641174316406,100.599609375
capsule,219,7,0.9800559282302856,0.46657001972198486,100.599609375
capsule,219,8,0.9796569347381592,0.46662211418151855,100.599609375
capsule,219,9,0.9784603118896484,0.46568161249160767,100.599609375
carpet,1,0,0.9887640476226807,0.6789429187774658,0.45703125
carpet,1,1,0.9903690814971924,0.6725286245346069,0.45703125
carpet,1,2,0.9871588945388794,0.6706991195678711,0.45703125
carpet,1,3,0.9867576360702515,0.648347020149231,0.45703125
carpet,1,4,0.983146071434021,0.671708345413208,0.45703125
carpet,1,5,0.9827447533607483,0.642593502998352,0.45703125
carpet,1,6,0.986356258392334,0.6609585881233215,0.45703125
carpet,1,7,0.9871588945388794,0.6451637148857117,0.45703125
carpet,1,8,0.9867575764656067,0.6621413230895996,0.45703125
carpet,1,9,0.9795345067977905,0.6476741433143616,0.45703125
carpet,2,0,0.9887640476226807,0.662051260471344,0.9140625
carpet,2,1,0.9883627891540527,0.6663757562637329,0.9140625
carpet,2,2,0.9835473299026489,0.6467978358268738,0.9140625
carpet,2,3,0.98796147108078,0.641595184803009,0.9140625
carpet,2,4,0.9855537414550781,0.6494421362876892,0.9140625
carpet,2,5,0.9847511649131775,0.6591851711273193,0.9140625
carpet,2,6,0.9895665645599365,0.6544696688652039,0.9140625
carpet,2,7,0.986356258392334,0.647294819355011,0.9140625
carpet,2,8,0.9883627891540527,0.6580387353897095,0.9140625
carpet,2,9,0.9807384014129639,0.6530131697654724,0.9140625
carpet,5,0,0.9887640476226807,0.6585227847099304,2.296875
carpet,5,1,0.986356258392334,0.6389968991279602,2.296875
carpet,5,2,0.9827448129653931,0.6497112512588501,2.296875
carpet,5,3,0.9903690814971924,0.642471969127655,2.296875
carpet,5,4,0.9855537414550781,0.6481113433837891,2.296875
carpet,5,5,0.9867575168609619,0.6551695466041565,2.296875
carpet,5,6,0.9879614114761353,0.6541710495948792,2.296875
carpet,5,7,0.9867575764656067,0.6457599997520447,2.296875
carpet,5,8,0.9879615306854248,0.6596967577934265,2.296875
carpet,5,9,0.9835473895072937,0.6508781909942627,2.296875
carpet,10,0,0.9903691411018372,0.6597749590873718,4.59375
carpet,10,1,0.9875601530075073,0.637292742729187,4.59375
carpet,10,2,0.9847511053085327,0.6508713960647583,4.59375
carpet,10,3,0.9875601530075073,0.6461026072502136,4.59375
carpet,10,4,0.9867575168609619,0.6568092107772827,4.59375
carpet,10,5,0.9863563179969788,0.653870701789856,4.59375
carpet,10,6,0.9899678826332092,0.6575688123703003,4.59375
carpet,10,7,0.9847511053085327,0.6509366035461426,4.59375
carpet,10,8,0.9855537414550781,0.6421929001808167,4.59375
carpet,10,9,0.9847511649131775,0.6524655222892761,4.59375
carpet,15,0,0.9899678230285645,0.6503641605377197,6.890625
carpet,15,1,0.9867575168609619,0.6373544931411743,6.890625
carpet,15,2,0.9867576360702515,0.6507993340492249,6.890625
carpet,15,3,0.9903691411018372,0.6476263999938965,6.890625
carpet,15,4,0.986356258392334,0.6511039137840271,6.890625
carpet,15,5,0.9871588945388794,0.6525439620018005,6.890625
carpet,15,6,0.9883626699447632,0.6522786021232605,6.890625
carpet,15,7,0.9875601530075073,0.6462308764457703,6.890625
carpet,15,8,0.9871588945388794,0.6429587006568909,6.890625
carpet,15,9,0.9855536818504333,0.6559741497039795,6.890625
carpet,20,0,0.9895665645599365,0.6454524397850037,9.1875
carpet,20,1,0.9883627891540527,0.623026430606842,9.1875
carpet,20,2,0.9851524829864502,0.6491363644599915,9.1875
carpet,20,3,0.9903691411018372,0.6468561291694641,9.1875
carpet,20,4,0.9871588945388794,0.636850893497467,9.1875
carpet,20,5,0.9875602126121521,0.6557508707046509,9.1875
carpet,20,6,0.9903690814971924,0.6560672521591187,9.1875
carpet,20,7,0.9855536818504333,0.6457834839820862,9.1875
carpet,20,8,0.9875602126121521,0.641966700553894,9.1875
carpet,20,9,0.9839486479759216,0.6485704183578491,9.1875
carpet,30,0,0.9911717176437378,0.64814692735672,13.78125
carpet,30,1,0.9867575764656067,0.6329945921897888,13.78125
carpet,30,2,0.985954999923706,0.6492746472358704,13.78125
carpet,30,3,0.9911717176437378,0.6530187726020813,13.78125
carpet,30,4,0.9867576360702515,0.6363956928253174,13.78125
carpet,30,5,0.9867575764656067,0.6584420204162598,13.78125
carpet,30,6,0.9907704591751099,0.652533233165741,13.78125
carpet,30,7,0.9887640476226807,0.6531044840812683,13.78125
carpet,30,8,0.9887641072273254,0.6417014002799988,13.78125
carpet,30,9,0.9859550595283508,0.622624397277832,13.78125
carpet,50,0,0.9907703995704651,0.6504378318786621,22.96875
carpet,50,1,0.9891652464866638,0.6156581044197083,22.96875
carpet,50,2,0.9883627891540527,0.651759684085846,22.96875
carpet,50,3,0.9899678230285645,0.6548383831977844,22.96875
carpet,50,4,0.9895665645599365,0.6385012865066528,22.96875
carpet,50,5,0.9883627891540527,0.6585538983345032,22.96875
carpet,50,6,0.9887640476226807,0.6466174125671387,22.96875
carpet,50,7,0.9875601530075073,0.6304086446762085,22.96875
carpet,50,8,0.9895665645599365,0.6447171568870544,22.96875
carpet,50,9,0.98796147108078,0.6225660443305969,22.96875
carpet,70,0,0.98796147108078,0.6471320986747742,32.15625
carpet,70,1,0.9871588945388794,0.6098935008049011,32.15625
carpet,70,2,0.986356258392334,0.6367282867431641,32.15625
carpet,70,3,0.9911717176437378,0.6516729593276978,32.15625
carpet,70,4,0.9899678230285645,0.6414057612419128,32.15625
carpet,70,5,0.9875602722167969,0.6577340960502625,32.15625
carpet,70,6,0.9879615306854248,0.6235514283180237,32.15625
carpet,70,7,0.9907704591751099,0.6317899227142334,32.15625
carpet,70,8,0.986356258392334,0.6300950050354004,32.15625
carpet,70,9,0.9899678826332092,0.6259551048278809,32.15625
carpet,140,0,0.9895665645599365,0.6467437148094177,64.3125
carpet,140,1,0.9883626699447632,0.6172952055931091,64.3125
carpet,140,2,0.9907704591751099,0.6253386735916138,64.3125
carpet,140,3,0.9903691411018372,0.6347641944885254,64.3125
carpet,140,4,0.9907704591751099,0.6365252137184143,64.3125
carpet,140,5,0.9907703995704651,0.6193239688873291,64.3125
carpet,140,6,0.9875601530075073,0.6202652454376221,64.3125
carpet,140,7,0.9895665645599365,0.6235410571098328,64.3125
carpet,140,8,0.9891653060913086,0.6261789798736572,64.3125
carpet,140,9,0.9883627891540527,0.624013364315033,64.3125
carpet,210,0,0.9919743537902832,0.6348510980606079,96.46875
carpet,210,1,0.9887640476226807,0.621084451675415,96.46875
carpet,210,2,0.9899678826332092,0.6280386447906494,96.46875
carpet,210,3,0.9907703995704651,0.6286838054656982,96.46875
carpet,210,4,0.9903690814971924,0.6188555359840393,96.46875
carpet,210,5,0.9891653060913086,0.6209571957588196,96.46875
carpet,210,6,0.9899678826332092,0.6212751865386963,96.46875
carpet,210,7,0.9899678826332092,0.6218917965888977,96.46875
carpet,210,8,0.9895665645599365,0.626072883605957,96.46875
carpet,210,9,0.9903690814971924,0.6220403909683228,96.46875
carpet,280,0,0.9903690814971924,0.619098961353302,128.625
carpet,280,1,0.9915729761123657,0.6199941039085388,128.625
carpet,280,2,0.9899678230285645,0.6196465492248535,128.625
carpet,280,3,0.9903691411018372,0.6167433261871338,128.625
carpet,280,4,0.9899678230285645,0.6176245808601379,128.625
carpet,280,5,0.9911717176437378,0.6205931305885315,128.625
carpet,280,6,0.9903690814971924,0.6205745339393616,128.625
carpet,280,7,0.9891653060913086,0.6151477694511414,128.625
carpet,280,8,0.9891652464866638,0.6195850372314453,128.625
carpet,280,9,0.9911717176437378,0.6207278966903687,128.625
grid,1,0,0.5304928421974182,0.024481767788529396,0.45703125
grid,1,1,0.5664160251617432,0.011808492243289948,0.45703125
grid,1,2,0.45864662528038025,0.011767103336751461,0.45703125
grid,1,3,0.5873016119003296,0.033691976219415665,0.45703125
grid,1,4,0.6048454642295837,0.01539479661732912,0.45703125
grid,1,5,0.46783626079559326,0.01662137545645237,0.45703125
grid,1,6,0.5396825075149536,0.01671271026134491,0.45703125
grid,1,7,0.45279866456985474,0.012395711615681648,0.45703125
grid,1,8,0.5580617785453796,0.017082469537854195,0.45703125
grid,1,9,0.6583124399185181,0.014137687161564827,0.45703125
grid,2,0,0.5012531280517578,0.023069553077220917,0.9140625
grid,2,1,0.6783626079559326,0.018775390461087227,0.9140625
grid,2,2,0.542188823223114,0.017721131443977356,0.9140625
grid,2,3,0.6591478586196899,0.07268229126930237,0.9140625
grid,2,4,0.6424394249916077,0.059454549103975296,0.9140625
grid,2,5,0.6006683111190796,0.020037299022078514,0.9140625
grid,2,6,0.4970760643482208,0.018380271270871162,0.9140625
grid,2,7,0.5605680346488953,0.015396945178508759,0.9140625
grid,2,8,0.5948203802108765,0.04351742938160896,0.9140625
grid,2,9,0.6934001445770264,0.11821895837783813,0.9140625
grid,5,0,0.633249819278717,0.028748484328389168,2.296875
grid,5,1,0.7727652788162231,0.09732446819543839,2.296875
grid,5,2,0.6374269127845764,0.0285289715975523,2.296875
grid,5,3,0.7284879684448242,0.07080034166574478,2.296875
grid,5,4,0.6808688640594482,0.09033679217100143,2.296875
grid,5,5,0.653299868106842,0.020831631496548653,2.296875
grid,5,6,0.7301586866378784,0.11382374167442322,2.296875
grid,5,7,0.6758562922477722,0.06370414793491364,2.296875
grid,5,8,0.7702589631080627,0.060315582901239395,2.296875
grid,5,9,0.7744360566139221,0.10690383613109589,2.296875
grid,10,0,0.8145363926887512,0.17692796885967255,4.59375
grid,10,1,0.8137009143829346,0.10696686059236526,4.59375
grid,10,2,0.7694236040115356,0.07917866110801697,4.59375
grid,10,3,0.768588125705719,0.07202163338661194,4.59375
grid,10,4,0.7343357801437378,0.09403178840875626,4.59375
grid,10,5,0.8011695146560669,0.0945429801940918,4.59375
grid,10,6,0.8287385702133179,0.18141797184944153,4.59375
grid,10,7,0.8220551013946533,0.15481866896152496,4.59375
grid,10,8,0.8170425891876221,0.15798801183700562,4.59375
grid,10,9,0.817878007888794,0.17734643816947937,4.59375
grid,15,0,0.8671679496765137,0.20353536307811737,6.890625
grid,15,1,0.8504595160484314,0.17376700043678284,6.890625
grid,15,2,0.804511308670044,0.1626082956790924,6.890625
grid,15,3,0.7694236040115356,0.06892186403274536,6.890625
grid,15,4,0.8020049929618835,0.1650049239397049,6.890625
grid,15,5,0.7961570620536804,0.10038141161203384,6.890625
grid,15,6,0.8362573385238647,0.1842947006225586,6.890625
grid,15,7,0.8496240973472595,0.22002200782299042,6.890625
grid,15,8,0.8705096244812012,0.20007126033306122,6.890625
grid,15,9,0.8613200187683105,0.1726270318031311,6.890625
grid,20,0,0.8763575553894043,0.21469847857952118,9.1875
grid,20,1,0.8880534172058105,0.22011269629001617,9.1875
grid,20,2,0.9273182153701782,0.2560608386993408,9.1875
grid,20,3,0.8512949347496033,0.19225585460662842,9.1875
grid,20,4,0.841269850730896,0.15390720963478088,9.1875
grid,20,5,0.8863827586174011,0.23007863759994507,9.1875
grid,20,6,0.8913951516151428,0.2010398507118225,9.1875
grid,20,7,0.897243082523346,0.25025680661201477,9.1875
grid,20,8,0.8930660486221313,0.2379986196756363,9.1875
grid,20,9,0.8872181177139282,0.2638603150844574,9.1875
grid,30,0,0.8939014077186584,0.23611760139465332,13.78125
grid,30,1,0.9256474375724792,0.24279938638210297,13.78125
grid,30,2,0.9565580487251282,0.281494677066803,13.78125
grid,30,3,0.8705096244812012,0.1929759532213211,13.78125
grid,30,4,0.9356725215911865,0.2732903063297272,13.78125
grid,30,5,0.8989140391349792,0.2450861930847168,13.78125
grid,30,6,0.897243082523346,0.23376046121120453,13.78125
grid,30,7,0.9172931909561157,0.2666094899177551,13.78125
grid,30,8,0.9189640283584595,0.2635864317417145,13.78125
grid,30,9,0.908939003944397,0.27538418769836426,13.78125
grid,50,0,0.9348370432853699,0.2804734408855438,22.96875
grid,50,1,0.9331661462783813,0.2827036380767822,22.96875
grid,50,2,0.9573935270309448,0.2843121290206909,22.96875
grid,50,3,0.9289891719818115,0.2304687798023224,22.96875
grid,50,4,0.9456976056098938,0.290323406457901,22.96875
grid,50,5,0.932330846786499,0.28415876626968384,22.96875
grid,50,6,0.936508059501648,0.26195019483566284,22.96875
grid,50,7,0.9256474375724792,0.268582284450531,22.96875
grid,50,8,0.9532163143157959,0.28996992111206055,22.96875
grid,50,9,0.9423559308052063,0.29642602801322937,22.96875
grid,66,0,0.9590643048286438,0.30414238572120667,30.31640625
grid,66,1,0.9490393400192261,0.286387175321579,30.31640625
grid,66,2,0.9632415175437927,0.30548936128616333,30.31640625
grid,66,3,0.956558108329773,0.2587331533432007,30.31640625
grid,66,4,0.9624059796333313,0.3016892075538635,30.31640625
grid,66,5,0.9582289457321167,0.2953158915042877,30.31640625
grid,66,6,0.9598997235298157,0.2942892014980316,30.31640625
grid,66,7,0.950710117816925,0.3209807574748993,30.31640625
grid,66,8,0.9649122953414917,0.3180170953273773,30.31640625
grid,66,9,0.9607352018356323,0.2962431013584137,30.31640625
grid,132,0,0.9724311232566833,0.3286512494087219,60.6328125
grid,132,1,0.9715956449508667,0.32644179463386536,60.6328125
grid,132,2,0.9665831327438354,0.32171130180358887,60.6328125
grid,132,3,0.9715957045555115,0.32209503650665283,60.6328125
grid,132,4,0.9782790541648865,0.3190126419067383,60.6328125
grid,132,5,0.9690894484519958,0.3222360908985138,60.6328125
grid,132,6,0.9724311232566833,0.3223872184753418,60.6328125
grid,132,7,0.9799498915672302,0.3326762020587921,60.6328125
grid,132,8,0.969924807548523,0.32343387603759766,60.6328125
grid,132,9,0.969924807548523,0.3218876123428345,60.6328125
grid,198,0,0.9774436354637146,0.3285110294818878,90.955078125
grid,198,1,0.9757727980613708,0.3316217064857483,90.955078125
grid,198,2,0.9791144728660583,0.3257211148738861,90.955078125
grid,198,3,0.9807853102684021,0.3233064115047455,90.955078125
grid,198,4,0.9849624633789062,0.32903459668159485,90.955078125
grid,198,5,0.9741019606590271,0.331824392080307,90.955078125
grid,198,6,0.9791144728660583,0.32379651069641113,90.955078125
grid,198,7,0.9741019606590271,0.33095645904541016,90.955078125
grid,198,8,0.9732665419578552,0.3288697898387909,90.955078125
grid,198,9,0.9715957045555115,0.32677850127220154,90.955078125
grid,264,0,0.9807853102684021,0.3289628028869629,121.271484375
grid,264,1,0.9791144728660583,0.3303760886192322,121.271484375
grid,264,2,0.9824561476707458,0.32965171337127686,121.271484375
grid,264,3,0.9782790541648865,0.32848653197288513,121.271484375
grid,264,4,0.9832915663719177,0.33068525791168213,121.271484375
grid,264,5,0.9791144728660583,0.32933658361434937,121.271484375
grid,264,6,0.9766082167625427,0.329482764005661,121.271484375
grid,264,7,0.981620728969574,0.33187949657440186,121.271484375
grid,264,8,0.9766082167625427,0.3322370648384094,121.271484375
grid,264,9,0.981620728969574,0.330411821603775,121.271484375
hazelnut,1,0,0.903571367263794,0.3403224050998688,0.45703125
hazelnut,1,1,0.891785740852356,0.2836116552352905,0.45703125
hazelnut,1,2,0.8614285588264465,0.3647124171257019,0.45703125
hazelnut,1,3,0.8757143020629883,0.2932763993740082,0.45703125
hazelnut,1,4,0.9357143044471741,0.3034360408782959,0.45703125
hazelnut,1,5,0.8899999260902405,0.29961925745010376,0.45703125
hazelnut,1,6,0.8842856287956238,0.3233832120895386,0.45703125
hazelnut,1,7,0.9332143068313599,0.3753206729888916,0.45703125
hazelnut,1,8,0.863214373588562,0.3352384865283966,0.45703125
hazelnut,1,9,0.8975000381469727,0.3755073547363281,0.45703125
hazelnut,2,0,0.9685714840888977,0.4055001437664032,0.9140625
hazelnut,2,1,0.8967857956886292,0.3318897485733032,0.9140625
hazelnut,2,2,0.9157142639160156,0.395079106092453,0.9140625
hazelnut,2,3,0.8692857027053833,0.28952714800834656,0.9140625
hazelnut,2,4,0.9567856788635254,0.4228047728538513,0.9140625
hazelnut,2,5,0.9703572392463684,0.42969459295272827,0.9140625
hazelnut,2,6,0.9717857241630554,0.45240694284439087,0.9140625
hazelnut,2,7,0.9207143187522888,0.38773441314697266,0.9140625
hazelnut,2,8,0.9639285802841187,0.37872767448425293,0.9140625
hazelnut,2,9,0.928928554058075,0.4122792184352875,0.9140625
hazelnut,5,0,0.9975000023841858,0.5408427715301514,2.296875
hazelnut,5,1,0.9882142543792725,0.5341431498527527,2.296875
hazelnut,5,2,0.9921428561210632,0.4877718389034271,2.296875
hazelnut,5,3,0.9632142782211304,0.4869025647640228,2.296875
hazelnut,5,4,0.9828570485115051,0.42303580045700073,2.296875
hazelnut,5,5,0.992142915725708,0.5147425532341003,2.296875
hazelnut,5,6,0.9778571128845215,0.43846723437309265,2.296875
hazelnut,5,7,0.9682142734527588,0.4479229152202606,2.296875
hazelnut,5,8,0.9742857217788696,0.4620513319969177,2.296875
hazelnut,5,9,0.9710714221000671,0.47127169370651245,2.296875
hazelnut,10,0,1.0,0.5633262395858765,4.59375
hazelnut,10,1,0.9939285516738892,0.5423919558525085,4.59375
hazelnut,10,2,1.0,0.529283881187439,4.59375
hazelnut,10,3,0.9825000166893005,0.5378412008285522,4.59375
hazelnut,10,4,0.9989286065101624,0.49368909001350403,4.59375
hazelnut,10,5,0.9989286661148071,0.5446040034294128,4.59375
hazelnut,10,6,0.9971427917480469,0.5145376324653625,4.59375
hazelnut,10,7,0.9899999499320984,0.49475181102752686,4.59375
hazelnut,10,8,0.9860714077949524,0.5000004172325134,4.59375
hazelnut,10,9,0.9817857146263123,0.4903387725353241,4.59375
hazelnut,15,0,0.9989286661148071,0.5800427794456482,6.890625
hazelnut,15,1,0.9975000023841858,0.5567935109138489,6.890625
hazelnut,15,2,0.9985713958740234,0.5320219397544861,6.890625
hazelnut,15,3,0.9946428537368774,0.5427552461624146,6.890625
hazelnut,15,4,0.9978572130203247,0.5072862505912781,6.890625
hazelnut,15,5,1.0,0.5473572015762329,6.890625
hazelnut,15,6,0.9975000023841858,0.5037102103233337,6.890625
hazelnut,15,7,0.9985713958740234,0.5650647282600403,6.890625
hazelnut,15,8,0.9946428537368774,0.5343665480613708,6.890625
hazelnut,15,9,0.9935714602470398,0.5283939838409424,6.890625
hazelnut,20,0,0.9996429085731506,0.5892099738121033,9.1875
hazelnut,20,1,0.9967857599258423,0.566377580165863,9.1875
hazelnut,20,2,0.9985713958740234,0.5296328067779541,9.1875
hazelnut,20,3,0.9992858171463013,0.5537384152412415,9.1875
hazelnut,20,4,0.9989286661148071,0.5127981901168823,9.1875
hazelnut,20,5,1.0,0.5527655482292175,9.1875
hazelnut,20,6,0.9949999451637268,0.5099194049835205,9.1875
hazelnut,20,7,0.9971429109573364,0.558109700679779,9.1875
hazelnut,20,8,0.9967857003211975,0.5463742613792419,9.1875
hazelnut,20,9,0.9982143640518188,0.5444290041923523,9.1875
hazelnut,30,0,1.0,0.5931891798973083,13.78125
hazelnut,30,1,1.0,0.5813828110694885,13.78125
hazelnut,30,2,1.0,0.5451018810272217,13.78125
hazelnut,30,3,0.9989286661148071,0.5572206974029541,13.78125
hazelnut,30,4,0.9982143044471741,0.5381560325622559,13.78125
hazelnut,30,5,1.0,0.5559787154197693,13.78125
hazelnut,30,6,0.9992856979370117,0.5660579204559326,13.78125
hazelnut,30,7,1.0,0.5674061179161072,13.78125
hazelnut,30,8,0.9992856979370117,0.5605121850967407,13.78125
hazelnut,30,9,0.9989286065101624,0.5656569004058838,13.78125
hazelnut,50,0,1.0,0.5908421277999878,22.96875
hazelnut,50,1,1.0,0.5775958895683289,22.96875
hazelnut,50,2,1.0,0.5628877878189087,22.96875
hazelnut,50,3,0.9996429085731506,0.5660560727119446,22.96875
hazelnut,50,4,1.0,0.5554364919662476,22.96875
hazelnut,50,5,1.0,0.5683189034461975,22.96875
hazelnut,50,6,0.9996429085731506,0.5701994299888611,22.96875
hazelnut,50,7,1.0,0.5724642276763916,22.96875
hazelnut,50,8,1.0,0.5664012432098389,22.96875
hazelnut,50,9,1.0,0.5666216611862183,22.96875
hazelnut,97,0,1.0,0.5736894607543945,44.5546875
hazelnut,97,1,1.0,0.5867131948471069,44.5546875
hazelnut,97,2,1.0,0.5672814846038818,44.5546875
hazelnut,97,3,1.0,0.570321798324585,44.5546875
hazelnut,97,4,1.0,0.5652416944503784,44.5546875
hazelnut,97,5,1.0,0.5753768682479858,44.5546875
hazelnut,97,6,1.0,0.5761317610740662,44.5546875
hazelnut,97,7,1.0,0.5690001249313354,44.5546875
hazelnut,97,8,1.0,0.5785637497901917,44.5546875
hazelnut,97,9,1.0,0.5786747336387634,44.5546875
hazelnut,195,0,1.0,0.5727711319923401,89.578125
hazelnut,195,1,1.0,0.5784480571746826,89.578125
hazelnut,195,2,1.0,0.5725753903388977,89.578125
hazelnut,195,3,1.0,0.5731298327445984,89.578125
hazelnut,195,4,1.0,0.5684277415275574,89.578125
hazelnut,195,5,1.0,0.5718711018562317,89.578125
hazelnut,195,6,1.0,0.5758212208747864,89.578125
hazelnut,195,7,1.0,0.5782500505447388,89.578125
hazelnut,195,8,1.0,0.574821949005127,89.578125
hazelnut,195,9,1.0,0.5801361203193665,89.578125
hazelnut,293,0,1.0,0.5754693746566772,134.595703125
hazelnut,293,1,1.0,0.5777532458305359,134.595703125
hazelnut,293,2,1.0,0.5743228197097778,134.595703125
hazelnut,293,3,1.0,0.5749446749687195,134.595703125
hazelnut,293,4,1.0,0.5767623782157898,134.595703125
hazelnut,293,5,1.0,0.579836368560791,134.595703125
hazelnut,293,6,1.0,0.5734201669692993,134.595703125
hazelnut,293,7,1.0,0.5708726048469543,134.595703125
hazelnut,293,8,1.0,0.5791119933128357,134.595703125
hazelnut,293,9,1.0,0.5779533982276917,134.595703125
hazelnut,391,0,1.0,0.5775326490402222,179.61328125
hazelnut,391,1,1.0,0.5753528475761414,179.61328125
hazelnut,391,2,1.0,0.575516402721405,179.61328125
hazelnut,391,3,1.0,0.5756869316101074,179.61328125
hazelnut,391,4,1.0,0.5771188735961914,179.61328125
hazelnut,391,5,1.0,0.5785714387893677,179.61328125
hazelnut,391,6,1.0,0.5784497857093811,179.61328125
hazelnut,391,7,1.0,0.5775507688522339,179.61328125
hazelnut,391,8,1.0,0.5785643458366394,179.61328125
hazelnut,391,9,1.0,0.5767396092414856,179.61328125
leather,1,0,1.0,0.45667949318885803,0.45703125
leather,1,1,1.0,0.4483572244644165,0.45703125
leather,1,2,1.0,0.4595744013786316,0.45703125
leather,1,3,1.0,0.4540618658065796,0.45703125
leather,1,4,1.0,0.4494834840297699,0.45703125
leather,1,5,1.0,0.458497017621994,0.45703125
leather,1,6,1.0,0.4508723020553589,0.45703125
leather,1,7,1.0,0.45122140645980835,0.45703125
leather,1,8,1.0,0.46541208028793335,0.45703125
leather,1,9,1.0,0.44365304708480835,0.45703125
leather,2,0,1.0,0.45096221566200256,0.9140625
leather,2,1,1.0,0.45119985938072205,0.9140625
leather,2,2,1.0,0.45414185523986816,0.9140625
leather,2,3,1.0,0.4476645588874817,0.9140625
leather,2,4,1.0,0.4529103636741638,0.9140625
leather,2,5,1.0,0.4575517177581787,0.9140625
leather,2,6,1.0,0.45217034220695496,0.9140625
leather,2,7,1.0,0.45018118619918823,0.9140625
leather,2,8,1.0,0.45585039258003235,0.9140625
leather,2,9,1.0,0.44575852155685425,0.9140625
leather,5,0,1.0,0.4529517889022827,2.296875
leather,5,1,1.0,0.45475101470947266,2.296875
leather,5,2,1.0,0.4437381327152252,2.296875
leather,5,3,1.0,0.4548477530479431,2.296875
leather,5,4,1.0,0.45613157749176025,2.296875
leather,5,5,1.0,0.45432522892951965,2.296875
leather,5,6,1.0,0.45089760422706604,2.296875
leather,5,7,1.0,0.44710487127304077,2.296875
leather,5,8,1.0,0.4585159718990326,2.296875
leather,5,9,1.0,0.4514372646808624,2.296875
leather,10,0,1.0,0.4514158368110657,4.59375
leather,10,1,1.0,0.45135289430618286,4.59375
leather,10,2,1.0,0.4424920678138733,4.59375
leather,10,3,1.0,0.45447999238967896,4.59375
leather,10,4,1.0,0.4504823684692383,4.59375
leather,10,5,1.0,0.4514550566673279,4.59375
leather,10,6,1.0,0.44705235958099365,4.59375
leather,10,7,1.0,0.45048531889915466,4.59375
leather,10,8,1.0,0.45754382014274597,4.59375
leather,10,9,1.0,0.44748643040657043,4.59375
leather,15,0,1.0,0.4508364200592041,6.890625
leather,15,1,1.0,0.44835585355758667,6.890625
leather,15,2,1.0,0.4430798888206482,6.890625
leather,15,3,1.0,0.45279741287231445,6.890625
leather,15,4,1.0,0.45040613412857056,6.890625
leather,15,5,1.0,0.4518051743507385,6.890625
leather,15,6,1.0,0.44727838039398193,6.890625
leather,15,7,1.0,0.45112913846969604,6.890625
leather,15,8,1.0,0.4527789354324341,6.890625
leather,15,9,1.0,0.45015934109687805,6.890625
leather,20,0,1.0,0.45371314883232117,9.1875
leather,20,1,1.0,0.4479304552078247,9.1875
leather,20,2,1.0,0.4460374414920807,9.1875
leather,20,3,1.0,0.45205172896385193,9.1875
leather,20,4,1.0,0.45041316747665405,9.1875
leather,20,5,1.0,0.45320338010787964,9.1875
leather,20,6,1.0,0.44679543375968933,9.1875
leather,20,7,1.0,0.4490448534488678,9.1875
leather,20,8,1.0,0.4478752911090851,9.1875
leather,20,9,1.0,0.4498786926269531,9.1875
leather,30,0,1.0,0.4510791301727295,13.78125
leather,30,1,1.0,0.4451078176498413,13.78125
leather,30,2,1.0,0.44939562678337097,13.78125
leather,30,3,1.0,0.4537357687950134,13.78125
leather,30,4,1.0,0.4497532844543457,13.78125
leather,30,5,1.0,0.4527856707572937,13.78125
leather,30,6,1.0,0.44950854778289795,13.78125
leather,30,7,1.0,0.44489920139312744,13.78125
leather,30,8,1.0,0.44673481583595276,13.78125
leather,30,9,1.0,0.44940006732940674,13.78125
leather,50,0,1.0,0.4480443298816681,22.96875
leather,50,1,1.0,0.4498100280761719,22.96875
leather,50,2,1.0,0.44973650574684143,22.96875
leather,50,3,1.0,0.4461599588394165,22.96875
leather,50,4,1.0,0.4434075355529785,22.96875
leather,50,5,1.0,0.45056840777397156,22.96875
leather,50,6,1.0,0.44881317019462585,22.96875
leather,50,7,1.0,0.4443525969982147,22.96875
leather,50,8,1.0,0.44511669874191284,22.96875
leather,50,9,1.0,0.44985249638557434,22.96875
leather,61,0,1.0,0.45109155774116516,28.01953125
leather,61,1,1.0,0.4492638111114502,28.01953125
leather,61,2,1.0,0.4471203684806824,28.01953125
leather,61,3,1.0,0.44479984045028687,28.01953125
leather,61,4,1.0,0.4409198760986328,28.01953125
leather,61,5,1.0,0.4522697925567627,28.01953125
leather,61,6,1.0,0.4468398094177246,28.01953125
leather,61,7,1.0,0.44859328866004944,28.01953125
leather,61,8,1.0,0.44509339332580566,28.01953125
leather,61,9,1.0,0.4501810371875763,28.01953125
leather,122,0,1.0,0.4517674744129181,56.0390625
leather,122,1,1.0,0.4430719316005707,56.0390625
leather,122,2,1.0,0.44298067688941956,56.0390625
leather,122,3,1.0,0.44531506299972534,56.0390625
leather,122,4,1.0,0.4418620467185974,56.0390625
leather,122,5,1.0,0.4453190863132477,56.0390625
leather,122,6,1.0,0.4509221911430359,56.0390625
leather,122,7,1.0,0.4446331262588501,56.0390625
leather,122,8,1.0,0.4448484480381012,56.0390625
leather,122,9,1.0,0.44880715012550354,56.0390625
leather,183,0,1.0,0.4485052525997162,84.064453125
leather,183,1,1.0,0.445284366607666,84.064453125
leather,183,2,1.0,0.44508087635040283,84.064453125
leather,183,3,1.0,0.44666144251823425,84.064453125
leather,183,4,1.0,0.44118958711624146,84.064453125
leather,183,5,1.0,0.44724902510643005,84.064453125
leather,183,6,1.0,0.44578948616981506,84.064453125
leather,183,7,1.0,0.4467124342918396,84.064453125
leather,183,8,1.0,0.4434485137462616,84.064453125
leather,183,9,1.0,0.44908490777015686,84.064453125
leather,245,0,1.0,0.44442126154899597,112.546875
leather,245,1,1.0,0.44324642419815063,112.546875
leather,245,2,1.0,0.44569963216781616,112.546875
leather,245,3,1.0,0.445354163646698,112.546875
leather,245,4,1.0,0.4458923637866974,112.546875
leather,245,5,1.0,0.44544002413749695,112.546875
leather,245,6,1.0,0.4485606849193573,112.546875
leather,245,7,1.0,0.44393080472946167,112.546875
leather,245,8,1.0,0.44337198138237,112.546875
leather,245,9,1.0,0.44653746485710144,112.546875
metal_nut,1,0,0.7551320195198059,0.6166059374809265,0.45703125
metal_nut,1,1,0.8621701598167419,0.5614308714866638,0.45703125
metal_nut,1,2,0.7815248966217041,0.5721819400787354,0.45703125
metal_nut,1,3,0.832355797290802,0.5587946176528931,0.45703125
metal_nut,1,4,0.8514174222946167,0.6207244992256165,0.45703125
metal_nut,1,5,0.8455523252487183,0.5702990293502808,0.45703125
metal_nut,1,6,0.8382209539413452,0.6077617406845093,0.45703125
metal_nut,1,7,0.7223851084709167,0.654704749584198,0.45703125
metal_nut,1,8,0.7341153025627136,0.5704988241195679,0.45703125
metal_nut,1,9,0.8049853444099426,0.6115339398384094,0.45703125
metal_nut,2,0,0.7781036496162415,0.6395270228385925,0.9140625
metal_nut,2,1,0.8856304883956909,0.6356239914894104,0.9140625
metal_nut,2,2,0.8191592693328857,0.6681780815124512,0.9140625
metal_nut,2,3,0.942326545715332,0.8127592206001282,0.9140625
metal_nut,2,4,0.9037145376205444,0.7617443203926086,0.9140625
metal_nut,2,5,0.9213098883628845,0.793799877166748,0.9140625
metal_nut,2,6,0.8308895826339722,0.5801088213920593,0.9140625
metal_nut,2,7,0.8235582113265991,0.7187049984931946,0.9140625
metal_nut,2,8,0.879276692867279,0.7363783717155457,0.9140625
metal_nut,2,9,0.908113420009613,0.8012856841087341,0.9140625
metal_nut,5,0,0.9271750450134277,0.8202141523361206,2.296875
metal_nut,5,1,0.9565004706382751,0.7751815319061279,2.296875
metal_nut,5,2,0.8885630369186401,0.7460209727287292,2.296875
metal_nut,5,3,0.9535679817199707,0.8389365077018738,2.296875
metal_nut,5,4,0.9657870531082153,0.8460990786552429,2.296875
metal_nut,5,5,0.9433040618896484,0.8527946472167969,2.296875
metal_nut,5,6,0.9633431434631348,0.8246261477470398,2.296875
metal_nut,5,7,0.9501466751098633,0.8562013506889343,2.296875
metal_nut,5,8,0.9560118317604065,0.8545904159545898,2.296875
metal_nut,5,9,0.9501466751098633,0.8530448079109192,2.296875
metal_nut,10,0,0.9789834022521973,0.8651066422462463,4.59375
metal_nut,10,1,0.9843597412109375,0.8543294668197632,4.59375
metal_nut,10,2,0.9657869338989258,0.8466441631317139,4.59375
metal_nut,10,3,0.9789834022521973,0.8585330247879028,4.59375
metal_nut,10,4,0.9770283102989197,0.8639335036277771,4.59375
metal_nut,10,5,0.9745845794677734,0.863684892654419,4.59375
metal_nut,10,6,0.9828934669494629,0.8606491684913635,4.59375
metal_nut,10,7,0.9506353735923767,0.8658565282821655,4.59375
metal_nut,10,8,0.9667644500732422,0.8602848052978516,4.59375
metal_nut,10,9,0.968719482421875,0.861463725566864,4.59375
metal_nut,15,0,0.9819160103797913,0.869576632976532,6.890625
metal_nut,15,1,0.9863147735595703,0.8701275587081909,6.890625
metal_nut,15,2,0.9858260750770569,0.8727059960365295,6.890625
metal_nut,15,3,0.9824047088623047,0.8663971424102783,6.890625
metal_nut,15,4,0.9828934073448181,0.8700453042984009,6.890625
metal_nut,15,5,0.9804496765136719,0.8696767091751099,6.890625
metal_nut,15,6,0.9907135963439941,0.8627811670303345,6.890625
metal_nut,15,7,0.9907135963439941,0.8728755712509155,6.890625
metal_nut,15,8,0.9843598008155823,0.8691791296005249,6.890625
metal_nut,15,9,0.9677419066429138,0.8728933930397034,6.890625
metal_nut,20,0,0.9897361397743225,0.8712316155433655,9.1875
metal_nut,20,1,0.9858260154724121,0.8655874133110046,9.1875
metal_nut,20,2,0.9897360801696777,0.8716309666633606,9.1875
metal_nut,20,3,0.9848484992980957,0.8642497658729553,9.1875
metal_nut,20,4,0.9789833426475525,0.8749242424964905,9.1875
metal_nut,20,5,0.9804496765136719,0.8731161952018738,9.1875
metal_nut,20,6,0.9882697463035583,0.8645063638687134,9.1875
metal_nut,20,7,0.9887586236000061,0.8732630610466003,9.1875
metal_nut,20,8,0.9882698655128479,0.8704857230186462,9.1875
metal_nut,20,9,0.9838709831237793,0.8771888613700867,9.1875
metal_nut,30,0,0.9936461448669434,0.8722966909408569,13.78125
metal_nut,30,1,0.9912023544311523,0.8726332783699036,13.78125
metal_nut,30,2,0.9931573867797852,0.8722567558288574,13.78125
metal_nut,30,3,0.9882698655128479,0.8714864253997803,13.78125
metal_nut,30,4,0.9804496765136719,0.8743035793304443,13.78125
metal_nut,30,5,0.9838709831237793,0.873053789138794,13.78125
metal_nut,30,6,0.9848484992980957,0.8680151700973511,13.78125
metal_nut,30,7,0.9892473220825195,0.8770065307617188,13.78125
metal_nut,30,8,0.9833822250366211,0.8763468861579895,13.78125
metal_nut,30,9,0.9921798706054688,0.8789637684822083,13.78125
metal_nut,50,0,0.9921799302101135,0.876541793346405,22.96875
metal_nut,50,1,0.9902248382568359,0.8773325085639954,22.96875
metal_nut,50,2,0.9941348433494568,0.8778863549232483,22.96875
metal_nut,50,3,0.9946236610412598,0.8778917789459229,22.96875
metal_nut,50,4,0.992668628692627,0.8774814009666443,22.96875
metal_nut,50,5,0.9926686882972717,0.8795027732849121,22.96875
metal_nut,50,6,0.9921798706054688,0.8747856616973877,22.96875
metal_nut,50,7,0.9951123595237732,0.8759866952896118,22.96875
metal_nut,50,8,0.995112419128418,0.8796544075012207,22.96875
metal_nut,50,9,0.9868035316467285,0.8794808983802795,22.96875
metal_nut,55,0,0.9921798706054688,0.8768118023872375,25.265625
metal_nut,55,1,0.9916911125183105,0.8787705898284912,25.265625
metal_nut,55,2,0.992668628692627,0.8788914680480957,25.265625
metal_nut,55,3,0.9941348433494568,0.8773359060287476,25.265625
metal_nut,55,4,0.9941349029541016,0.8813916444778442,25.265625
metal_nut,55,5,0.995112419128418,0.8780550360679626,25.265625
metal_nut,55,6,0.9946236610412598,0.875344455242157,25.265625
metal_nut,55,7,0.9946236610412598,0.8758267164230347,25.265625
metal_nut,55,8,0.9970674514770508,0.8797158002853394,25.265625
metal_nut,55,9,0.9882698059082031,0.8802559971809387,25.265625
metal_nut,110,0,0.997556209564209,0.8798722624778748,50.53125
metal_nut,110,1,0.9970674514770508,0.8824357390403748,50.53125
metal_nut,110,2,0.9960899353027344,0.878894031047821,50.53125
metal_nut,110,3,0.9965787529945374,0.8790754675865173,50.53125
metal_nut,110,4,0.9965786933898926,0.8794413208961487,50.53125
metal_nut,110,5,0.9980449676513672,0.8802602291107178,50.53125
metal_nut,110,6,0.997556209564209,0.8812291622161865,50.53125
metal_nut,110,7,0.9965786933898926,0.8804085850715637,50.53125
metal_nut,110,8,0.9946236610412598,0.8837250471115112,50.53125
metal_nut,110,9,0.9965786933898926,0.8835639357566833,50.53125
metal_nut,165,0,0.9980449676513672,0.8828197717666626,75.796875
metal_nut,165,1,0.9980449676513672,0.8811471462249756,75.796875
metal_nut,165,2,0.997556209564209,0.8813900351524353,75.796875
metal_nut,165,3,0.997556209564209,0.8817429542541504,75.796875
metal_nut,165,4,0.9970674514770508,0.8808395862579346,75.796875
metal_nut,165,5,0.9970674514770508,0.8824863433837891,75.796875
metal_nut,165,6,0.9985336661338806,0.8828315138816833,75.796875
metal_nut,165,7,0.997556209564209,0.8813947439193726,75.796875
metal_nut,165,8,0.9946237206459045,0.8814721703529358,75.796875
metal_nut,165,9,0.9985336661338806,0.8829303979873657,75.796875
metal_nut,220,0,0.9980449676513672,0.8825518488883972,101.0625
metal_nut,220,1,0.9980449676513672,0.8822071552276611,101.0625
metal_nut,220,2,0.9965786933898926,0.8823775053024292,101.0625
metal_nut,220,3,0.997556209564209,0.8834042549133301,101.0625
metal_nut,220,4,0.9965787529945374,0.8811203837394714,101.0625
metal_nut,220,5,0.9985337257385254,0.8821946978569031,101.0625
metal_nut,220,6,0.997556209564209,0.8827115893363953,101.0625
metal_nut,220,7,0.9990224242210388,0.8819338083267212,101.0625
metal_nut,220,8,0.997556209564209,0.8818724155426025,101.0625
metal_nut,220,9,0.9985336661338806,0.882919192314148,101.0625
pill,1,0,0.8363338708877563,0.702427089214325,0.45703125
pill,1,1,0.7997817993164062,0.6338457465171814,0.45703125
pill,1,2,0.71603924036026,0.6330944299697876,0.45703125
pill,1,3,0.7875068783760071,0.7204651832580566,0.45703125
pill,1,4,0.8006000518798828,0.5960229635238647,0.45703125
pill,1,5,0.8595198392868042,0.7081560492515564,0.45703125
pill,1,6,0.8025094866752625,0.6322340965270996,0.45703125
pill,1,7,0.8186034560203552,0.6717722415924072,0.45703125
pill,1,8,0.8120567202568054,0.606673538684845,0.45703125
pill,1,9,0.8139662146568298,0.626434862613678,0.45703125
pill,2,0,0.8396071791648865,0.7049779295921326,0.9140625
pill,2,1,0.8862520456314087,0.6948540806770325,0.9140625
pill,2,2,0.8346972465515137,0.7152844667434692,0.9140625
pill,2,3,0.8837971091270447,0.7286703586578369,0.9140625
pill,2,4,0.8505182266235352,0.6917874217033386,0.9140625
pill,2,5,0.8756136894226074,0.7118528485298157,0.9140625
pill,2,6,0.8769776821136475,0.6845113039016724,0.9140625
pill,2,7,0.850245475769043,0.7075851559638977,0.9140625
pill,2,8,0.8644298911094666,0.6647302508354187,0.9140625
pill,2,9,0.8835243582725525,0.6977023482322693,0.9140625
pill,5,0,0.878341555595398,0.732467770576477,2.296875
pill,5,1,0.8832514882087708,0.7369368076324463,2.296875
pill,5,2,0.8745226263999939,0.7249662280082703,2.296875
pill,5,3,0.884615421295166,0.7494181394577026,2.296875
pill,5,4,0.9023458957672119,0.7048534154891968,2.296875
pill,5,5,0.8859793543815613,0.7382137775421143,2.296875
pill,5,6,0.8857064843177795,0.7083732485771179,2.296875
pill,5,7,0.9168031215667725,0.7287354469299316,2.296875
pill,5,8,0.896617591381073,0.7266506552696228,2.296875
pill,5,9,0.8745226860046387,0.7178515195846558,2.296875
pill,10,0,0.9151663780212402,0.7545157670974731,4.59375
pill,10,1,0.9099835753440857,0.749771773815155,4.59375
pill,10,2,0.8966175317764282,0.7499157786369324,4.59375
pill,10,3,0.9097108244895935,0.7399410605430603,4.59375
pill,10,4,0.8944352865219116,0.7271241545677185,4.59375
pill,10,5,0.9020731449127197,0.733380913734436,4.59375
pill,10,6,0.9064375162124634,0.7413589358329773,4.59375
pill,10,7,0.9075286388397217,0.7194334864616394,4.59375
pill,10,8,0.945444643497467,0.7388150095939636,4.59375
pill,10,9,0.9012547731399536,0.7173325419425964,4.59375
pill,15,0,0.9198035597801208,0.7520877122879028,6.890625
pill,15,1,0.9228041768074036,0.752271294593811,6.890625
pill,15,2,0.9285324811935425,0.7506798505783081,6.890625
pill,15,3,0.892798662185669,0.7429576516151428,6.890625
pill,15,4,0.9001636505126953,0.7358129024505615,6.890625
pill,15,5,0.9121659398078918,0.7423834800720215,6.890625
pill,15,6,0.9045280814170837,0.7475776672363281,6.890625
pill,15,7,0.9157119393348694,0.7385480999946594,6.890625
pill,15,8,0.9187124967575073,0.7496410012245178,6.890625
pill,15,9,0.914893627166748,0.725033700466156,6.890625
pill,20,0,0.9282596111297607,0.7593384385108948,9.1875
pill,20,1,0.9176214337348938,0.7474784851074219,9.1875
pill,20,2,0.9217129945755005,0.7579193115234375,9.1875
pill,20,3,0.9088925123214722,0.7461051344871521,9.1875
pill,20,4,0.9165302515029907,0.7425476908683777,9.1875
pill,20,5,0.9138025045394897,0.7419727444648743,9.1875
pill,20,6,0.9132570028305054,0.7509856820106506,9.1875
pill,20,7,0.9143479466438293,0.7461084723472595,9.1875
pill,20,8,0.929896354675293,0.744693398475647,9.1875
pill,20,9,0.9323513507843018,0.7307251691818237,9.1875
pill,30,0,0.9236224889755249,0.7551027536392212,13.78125
pill,30,1,0.9277140498161316,0.7530825734138489,13.78125
pill,30,2,0.929350733757019,0.7601420879364014,13.78125
pill,30,3,0.9143480062484741,0.746569812297821,13.78125
pill,30,4,0.9217130541801453,0.7516565918922424,13.78125
pill,30,5,0.9214402437210083,0.7461268901824951,13.78125
pill,30,6,0.9192580580711365,0.74925297498703,13.78125
pill,30,7,0.9178941249847412,0.7366604804992676,13.78125
pill,30,8,0.95362788438797,0.7519279718399048,13.78125
pill,30,9,0.9255318641662598,0.7374741435050964,13.78125
pill,50,0,0.9277141094207764,0.7617394328117371,22.96875
pill,50,1,0.9132568836212158,0.7585811614990234,22.96875
pill,50,2,0.9463993310928345,0.757786750793457,22.96875
pill,50,3,0.9184396862983704,0.7570555210113525,22.96875
pill,50,4,0.9247135519981384,0.7513238787651062,22.96875
pill,50,5,0.9198036193847656,0.7534586191177368,22.96875
pill,50,6,0.9189852476119995,0.7531123161315918,22.96875
pill,50,7,0.9236224889755249,0.7483024597167969,22.96875
pill,50,8,0.9397163987159729,0.7544277906417847,22.96875
pill,50,9,0.9290779829025269,0.7522273659706116,22.96875
pill,66,0,0.9367157816886902,0.7607617974281311,30.31640625
pill,66,1,0.917894184589386,0.7598896622657776,30.31640625
pill,66,2,0.9476268291473389,0.7605199217796326,30.31640625
pill,66,3,0.926895797252655,0.7598729729652405,30.31640625
pill,66,4,0.9383524060249329,0.7572053670883179,30.31640625
pill,66,5,0.9255319237709045,0.7579783201217651,30.31640625
pill,66,6,0.9148935675621033,0.7549232244491577,30.31640625
pill,66,7,0.9266231060028076,0.7511217594146729,30.31640625
pill,66,8,0.9457173347473145,0.7582497000694275,30.31640625
pill,66,9,0.9328968524932861,0.7516275644302368,30.31640625
pill,133,0,0.9462628364562988,0.7651128768920898,61.095703125
pill,133,1,0.9446263313293457,0.7657317519187927,61.095703125
pill,133,2,0.9388980865478516,0.7664920687675476,61.095703125
pill,133,3,0.932351291179657,0.7649844288825989,61.095703125
pill,133,4,0.9312602877616882,0.7634343504905701,61.095703125
pill,133,5,0.9378068447113037,0.7651287913322449,61.095703125
pill,133,6,0.9339880347251892,0.7639738321304321,61.095703125
pill,133,7,0.932624101638794,0.7596599459648132,61.095703125
pill,133,8,0.9435352683067322,0.7625319361686707,61.095703125
pill,133,9,0.9361701607704163,0.7616696953773499,61.095703125
pill,200,0,0.9451718926429749,0.7652746438980103,91.875
pill,200,1,0.9470812678337097,0.7665148377418518,91.875
pill,200,2,0.939170777797699,0.7656939029693604,91.875
pill,200,3,0.9402618408203125,0.7649409174919128,91.875
pill,200,4,0.9372614026069641,0.7644395232200623,91.875
pill,200,5,0.9459902048110962,0.767697274684906,91.875
pill,200,6,0.9380797147750854,0.7662827372550964,91.875
pill,200,7,0.9443535208702087,0.7647244334220886,91.875
pill,200,8,0.9457173943519592,0.7666637897491455,91.875
pill,200,9,0.9391707181930542,0.7649041414260864,91.875
pill,267,0,0.9470812678337097,0.7668766975402832,122.6484375
pill,267,1,0.9454445242881775,0.7671034932136536,122.6484375
pill,267,2,0.9498091340065002,0.7662815451622009,122.6484375
pill,267,3,0.9465357661247253,0.7680888772010803,122.6484375
pill,267,4,0.9476268291473389,0.7671470642089844,122.6484375
pill,267,5,0.9448990821838379,0.7688590884208679,122.6484375
pill,267,6,0.944353461265564,0.7680865526199341,122.6484375
pill,267,7,0.9457173347473145,0.7665811777114868,122.6484375
pill,267,8,0.9397162199020386,0.7664307951927185,122.6484375
pill,267,9,0.9383523464202881,0.7684147357940674,122.6484375
screw,1,0,0.4910842776298523,0.015555157326161861,0.45703125
screw,1,1,0.49333882331848145,0.014268627390265465,0.45703125
screw,1,2,0.48534536361694336,0.01530033815652132,0.45703125
screw,1,3,0.5107604265213013,0.01339491456747055,0.45703125
screw,1,4,0.49702808260917664,0.01345010008662939,0.45703125
screw,1,5,0.5148596167564392,0.015117907896637917,0.45703125
screw,1,6,0.4207829535007477,0.014876129105687141,0.45703125
screw,1,7,0.48637014627456665,0.015188625082373619,0.45703125
screw,1,8,0.47120311856269836,0.014565096236765385,0.45703125
screw,1,9,0.4689486026763916,0.01526238676160574,0.45703125
screw,2,0,0.5388399362564087,0.0195921678096056,0.9140625
screw,2,1,0.5226480960845947,0.016866354271769524,0.9140625
screw,2,2,0.4468128979206085,0.0173477940261364,0.9140625
screw,2,3,0.49046939611434937,0.014033387415111065,0.9140625
screw,2,4,0.5408895015716553,0.013962442986667156,0.9140625
screw,2,5,0.5279770493507385,0.01864646002650261,0.9140625
screw,2,6,0.4029514789581299,0.01706981286406517,0.9140625
screw,2,7,0.4992826581001282,0.016353072598576546,0.9140625
screw,2,8,0.4630047380924225,0.014914967119693756,0.9140625
screw,2,9,0.5025620460510254,0.015140780247747898,0.9140625
screw,5,0,0.5620004534721375,0.02603135071694851,2.296875
screw,5,1,0.5361754298210144,0.02089027501642704,2.296875
screw,5,2,0.45911046862602234,0.024211814627051353,2.296875
screw,5,3,0.5369952917098999,0.019605616107583046,2.296875
screw,5,4,0.6382455229759216,0.02348325401544571,2.296875
screw,5,5,0.479811429977417,0.02016371861100197,2.296875
screw,5,6,0.463619589805603,0.01717938482761383,2.296875
screw,5,7,0.6296371817588806,0.02922377735376358,2.296875
screw,5,8,0.5023570656776428,0.022327039390802383,2.296875
screw,5,9,0.6054519414901733,0.03210658207535744,2.296875
screw,10,0,0.6134454607963562,0.026895126327872276,4.59375
screw,10,1,0.6349661946296692,0.026159781962633133,4.59375
screw,10,2,0.5333060026168823,0.039211299270391464,4.59375
screw,10,3,0.6425496935844421,0.03400442376732826,4.59375
screw,10,4,0.6718590259552002,0.03488612920045853,4.59375
screw,10,5,0.6294322609901428,0.024909667670726776,4.59375
screw,10,6,0.6099611520767212,0.029557883739471436,4.59375
screw,10,7,0.6579216718673706,0.03887304291129112,4.59375
screw,10,8,0.6138553023338318,0.031217075884342194,4.59375
screw,10,9,0.6159049272537231,0.04652198404073715,4.59375
screw,15,0,0.6126255989074707,0.03953742980957031,6.890625
screw,15,1,0.705472469329834,0.05346144735813141,6.890625
screw,15,2,0.6452142000198364,0.06729090213775635,6.890625
screw,15,3,0.6989136934280396,0.049420714378356934,6.890625
screw,15,4,0.634351372718811,0.05117879435420036,6.890625
screw,15,5,0.7364214658737183,0.07501215487718582,6.890625
screw,15,6,0.645419180393219,0.03899006173014641,6.890625
screw,15,7,0.6306620240211487,0.058411605656147,6.890625
screw,15,8,0.6751384139060974,0.0711953341960907,6.890625
screw,15,9,0.6872310042381287,0.05840163305401802,6.890625
screw,20,0,0.6888706684112549,0.0561494342982769,9.1875
screw,20,1,0.7587620615959167,0.08895860612392426,9.1875
screw,20,2,0.7317073345184326,0.07506700605154037,9.1875
screw,20,3,0.7036278247833252,0.05216152220964432,9.1875
screw,20,4,0.7345767617225647,0.09340520203113556,9.1875
screw,20,5,0.7731092572212219,0.08063451200723648,9.1875
screw,20,6,0.7333469986915588,0.08559676259756088,9.1875
screw,20,7,0.7036277651786804,0.06671732664108276,9.1875
screw,20,8,0.728632926940918,0.07922163605690002,9.1875
screw,20,9,0.7296577095985413,0.07077517360448837,9.1875
screw,30,0,0.7528181672096252,0.11015170812606812,13.78125
screw,30,1,0.7854068279266357,0.09468385577201843,13.78125
screw,30,2,0.8020085692405701,0.10023397207260132,13.78125
screw,30,3,0.8100019693374634,0.14357280731201172,13.78125
screw,30,4,0.7259684205055237,0.08540432900190353,13.78125
screw,30,5,0.7950398921966553,0.13319574296474457,13.78125
screw,30,6,0.7487189769744873,0.14838182926177979,13.78125
screw,30,7,0.7507686614990234,0.15351180732250214,13.78125
screw,30,8,0.7337568998336792,0.09899669885635376,13.78125
screw,30,9,0.78110271692276,0.0944184884428978,13.78125
screw,50,0,0.8600122928619385,0.2230556309223175,22.96875
screw,50,1,0.8735397458076477,0.191462904214859,22.96875
screw,50,2,0.8759992122650146,0.19334235787391663,22.96875
screw,50,3,0.8870670795440674,0.2631431818008423,22.96875
screw,50,4,0.8389014005661011,0.19098640978336334,22.96875
screw,50,5,0.8930109143257141,0.30242353677749634,22.96875
screw,50,6,0.8345972299575806,0.24528498947620392,22.96875
screw,50,7,0.8948554992675781,0.24861708283424377,22.96875
screw,50,8,0.862676739692688,0.1887919306755066,22.96875
screw,50,9,0.827423632144928,0.11168214678764343,22.96875
screw,80,0,0.9391269087791443,0.2798926830291748,36.75
screw,80,1,0.9073581099510193,0.2757224142551422,36.75
screw,80,2,0.9145317077636719,0.30487141013145447,36.75
screw,80,3,0.9178109765052795,0.2909201383590698,36.75
screw,80,4,0.8608320951461792,0.20896118879318237,36.75
screw,80,5,0.9319532513618469,0.3170354664325714,36.75
screw,80,6,0.9255994558334351,0.29250967502593994,36.75
screw,80,7,0.9238573312759399,0.2740783393383026,36.75
screw,80,8,0.9223202466964722,0.3050568401813507,36.75
screw,80,9,0.889116644859314,0.16666874289512634,36.75
screw,160,0,0.93646240234375,0.3307604491710663,73.5
screw,160,1,0.9713056087493896,0.3366774320602417,73.5
screw,160,2,0.9633120894432068,0.3356679379940033,73.5
screw,160,3,0.9563435912132263,0.33079519867897034,73.5
screw,160,4,0.9479401707649231,0.31815215945243835,73.5
screw,160,5,0.9714080691337585,0.3343175947666168,73.5
screw,160,6,0.9729452133178711,0.3166012465953827,73.5
screw,160,7,0.9653617143630981,0.2990209758281708,73.5
screw,160,8,0.970075786113739,0.31136661767959595,73.5
screw,160,9,0.9692560434341431,0.3299051821231842,73.5
screw,240,0,0.9764296412467957,0.3459043800830841,110.25
screw,240,1,0.9704857468605042,0.34081530570983887,110.25
screw,240,2,0.9737651348114014,0.3427594304084778,110.25
screw,240,3,0.9813486337661743,0.33595678210258484,110.25
screw,240,4,0.9782742261886597,0.3276931345462799,110.25
screw,240,5,0.984423041343689,0.3357582688331604,110.25
screw,240,6,0.9829883575439453,0.33726415038108826,110.25
screw,240,7,0.9817585945129395,0.34167248010635376,110.25
screw,240,8,0.9694609642028809,0.3389647901058197,110.25
screw,240,9,0.9899569749832153,0.3518075942993164,110.25
screw,320,0,0.9819635152816772,0.3483467400074005,147.0
screw,320,1,0.9887272119522095,0.3467824459075928,147.0
screw,320,2,0.9774543642997742,0.3494691848754883,147.0
screw,320,3,0.9823734760284424,0.34816229343414307,147.0
screw,320,4,0.9887272119522095,0.34461191296577454,147.0
screw,320,5,0.9797089099884033,0.34230518341064453,147.0
screw,320,6,0.9805287718772888,0.34418296813964844,147.0
screw,320,7,0.9788891077041626,0.34325578808784485,147.0
screw,320,8,0.9747898578643799,0.3413386940956116,147.0
screw,320,9,0.9840131998062134,0.34122127294540405,147.0
tile,1,0,0.9902597069740295,0.5133832693099976,0.45703125
tile,1,1,0.9902597069740295,0.515616238117218,0.45703125
tile,1,2,0.9866522550582886,0.5075576305389404,0.45703125
tile,1,3,0.9917027950286865,0.5238385796546936,0.45703125
tile,1,4,0.9931457042694092,0.5183315277099609,0.45703125
tile,1,5,0.9862915277481079,0.5167153477668762,0.45703125
tile,1,6,0.9866522550582886,0.5246043801307678,0.45703125
tile,1,7,0.9880951642990112,0.5146706700325012,0.45703125
tile,1,8,0.9859307408332825,0.5132595300674438,0.45703125
tile,1,9,0.9902597665786743,0.5139907002449036,0.45703125
tile,2,0,0.984487771987915,0.513030469417572,0.9140625
tile,2,1,0.989177405834198,0.5104398727416992,0.9140625
tile,2,2,0.9870129823684692,0.514185905456543,0.9140625
tile,2,3,0.9895382523536682,0.5186410546302795,0.9140625
tile,2,4,0.9880951642990112,0.5224242210388184,0.9140625
tile,2,5,0.991702675819397,0.5207148790359497,0.9140625
tile,2,6,0.9880951642990112,0.5253064036369324,0.9140625
tile,2,7,0.9855700135231018,0.5141935348510742,0.9140625
tile,2,8,0.9877344369888306,0.5149171352386475,0.9140625
tile,2,9,0.9902597665786743,0.5116055607795715,0.9140625
tile,5,0,0.989177405834198,0.516046404838562,2.296875
tile,5,1,0.9891773462295532,0.5213892459869385,2.296875
tile,5,2,0.9888166189193726,0.5160341858863831,2.296875
tile,5,3,0.9891774654388428,0.5120407938957214,2.296875
tile,5,4,0.9870129823684692,0.5087825655937195,2.296875
tile,5,5,0.9888166785240173,0.5092369318008423,2.296875
tile,5,6,0.9880951642990112,0.521797776222229,2.296875
tile,5,7,0.9870129823684692,0.5091663599014282,2.296875
tile,5,8,0.9895381927490234,0.5139004588127136,2.296875
tile,5,9,0.9877344369888306,0.5161502361297607,2.296875
tile,10,0,0.9877344369888306,0.5158273577690125,4.59375
tile,10,1,0.9917027950286865,0.5196576118469238,4.59375
tile,10,2,0.9917027950286865,0.5124561190605164,4.59375
tile,10,3,0.9880951642990112,0.519152820110321,4.59375
tile,10,4,0.9880951642990112,0.5107336044311523,4.59375
tile,10,5,0.9906204342842102,0.514501690864563,4.59375
tile,10,6,0.9873737096786499,0.5096288323402405,4.59375
tile,10,7,0.9873737096786499,0.5145165324211121,4.59375
tile,10,8,0.9895381927490234,0.5109958052635193,4.59375
tile,10,9,0.9866522550582886,0.5182772874832153,4.59375
tile,15,0,0.9884558916091919,0.5111036896705627,6.890625
tile,15,1,0.988095223903656,0.5144029855728149,6.890625
tile,15,2,0.9913420081138611,0.5154010653495789,6.890625
tile,15,3,0.9895382523536682,0.5216518044471741,6.890625
tile,15,4,0.9877344369888306,0.5131402015686035,6.890625
tile,15,5,0.993145763874054,0.5157839059829712,6.890625
tile,15,6,0.9888166785240173,0.5141996741294861,6.890625
tile,15,7,0.990620493888855,0.5155734419822693,6.890625
tile,15,8,0.9913420081138611,0.5123419761657715,6.890625
tile,15,9,0.9862914681434631,0.5132735371589661,6.890625
tile,20,0,0.9898989796638489,0.5145539045333862,9.1875
tile,20,1,0.9891774654388428,0.5141469836235046,9.1875
tile,20,2,0.9891774654388428,0.5140249729156494,9.1875
tile,20,3,0.9895381927490234,0.520352840423584,9.1875
tile,20,4,0.9866522550582886,0.5159086585044861,9.1875
tile,20,5,0.9891774654388428,0.5147222876548767,9.1875
tile,20,6,0.9895382523536682,0.5102716684341431,9.1875
tile,20,7,0.9909812808036804,0.5133014917373657,9.1875
tile,20,8,0.9888167381286621,0.5089735984802246,9.1875
tile,20,9,0.9898989200592041,0.5145573019981384,9.1875
tile,30,0,0.990620493888855,0.518203616142273,13.78125
tile,30,1,0.9891773462295532,0.5128445625305176,13.78125
tile,30,2,0.9902597665786743,0.5151729583740234,13.78125
tile,30,3,0.9870129823684692,0.5216391682624817,13.78125
tile,30,4,0.9873737096786499,0.5176228284835815,13.78125
tile,30,5,0.9891774654388428,0.5178041458129883,13.78125
tile,30,6,0.9913420081138611,0.5160135626792908,13.78125
tile,30,7,0.9898989796638489,0.5173779129981995,13.78125
tile,30,8,0.9888166785240173,0.5082333087921143,13.78125
tile,30,9,0.989177405834198,0.5135499238967896,13.78125
tile,50,0,0.9891773462295532,0.518514096736908,22.96875
tile,50,1,0.9873737096786499,0.513423502445221,22.96875
tile,50,2,0.9884559512138367,0.5159542560577393,22.96875
tile,50,3,0.9877344369888306,0.520198404788971,22.96875
tile,50,4,0.9877344369888306,0.5193418860435486,22.96875
tile,50,5,0.9870129823684692,0.5132725238800049,22.96875
tile,50,6,0.9880951642990112,0.5191994309425354,22.96875
tile,50,7,0.9913420677185059,0.5199447870254517,22.96875
tile,50,8,0.9884559512138367,0.5163413882255554,22.96875
tile,50,9,0.9859307408332825,0.5170678496360779,22.96875
tile,57,0,0.9891774654388428,0.5188449621200562,26.1796875
tile,57,1,0.9866522550582886,0.51260906457901,26.1796875
tile,57,2,0.9909812211990356,0.5154916048049927,26.1796875
tile,57,3,0.9917027950286865,0.5197663307189941,26.1796875
tile,57,4,0.9866522550582886,0.5177078247070312,26.1796875
tile,57,5,0.9862914681434631,0.5151655673980713,26.1796875
tile,57,6,0.988095223903656,0.5185410380363464,26.1796875
tile,57,7,0.9866521954536438,0.523257851600647,26.1796875
tile,57,8,0.9898989200592041,0.5157132744789124,26.1796875
tile,57,9,0.9862914681434631,0.5169348120689392,26.1796875
tile,115,0,0.9866522550582886,0.5194153189659119,52.828125
tile,115,1,0.9870129823684692,0.5157135128974915,52.828125
tile,115,2,0.9895381927490234,0.5200201869010925,52.828125
tile,115,3,0.9877344369888306,0.5160783529281616,52.828125
tile,115,4,0.9888167381286621,0.5181283950805664,52.828125
tile,115,5,0.9891774654388428,0.5166171193122864,52.828125
tile,115,6,0.9888166189193726,0.5166306495666504,52.828125
tile,115,7,0.9873737096786499,0.5207803845405579,52.828125
tile,115,8,0.9898989796638489,0.5173710584640503,52.828125
tile,115,9,0.9880951642990112,0.5154597163200378,52.828125
tile,172,0,0.9884559512138367,0.5185152888298035,79.0078125
tile,172,1,0.9888166785240173,0.5145705938339233,79.0078125
tile,172,2,0.9880951642990112,0.5209998488426208,79.0078125
tile,172,3,0.9884558916091919,0.5172305107116699,79.0078125
tile,172,4,0.9895381927490234,0.5173470377922058,79.0078125
tile,172,5,0.9884558916091919,0.5161097049713135,79.0078125
tile,172,6,0.988095223903656,0.5165443420410156,79.0078125
tile,172,7,0.9870129823684692,0.5176501870155334,79.0078125
tile,172,8,0.9873737096786499,0.517837405204773,79.0078125
tile,172,9,0.9873737096786499,0.5157777070999146,79.0078125
tile,230,0,0.9891774654388428,0.5169337391853333,105.65625
tile,230,1,0.9884559512138367,0.5161552429199219,105.65625
tile,230,2,0.9884558916091919,0.5173947215080261,105.65625
tile,230,3,0.9877344369888306,0.5175235271453857,105.65625
tile,230,4,0.9880951642990112,0.5164088606834412,105.65625
tile,230,5,0.990620493888855,0.5164522528648376,105.65625
tile,230,6,0.9884558916091919,0.517255425453186,105.65625
tile,230,7,0.9870129823684692,0.5178923606872559,105.65625
tile,230,8,0.9873737096786499,0.5167492032051086,105.65625
tile,230,9,0.9884559512138367,0.5167095065116882,105.65625
toothbrush,1,0,0.8361110687255859,0.5454573631286621,0.45703125
toothbrush,1,1,0.8749999403953552,0.6325724124908447,0.45703125
toothbrush,1,2,0.8416666984558105,0.5647976398468018,0.45703125
toothbrush,1,3,0.9055555462837219,0.6246929168701172,0.45703125
toothbrush,1,4,0.8777777552604675,0.6322654485702515,0.45703125
toothbrush,1,5,0.855555534362793,0.5696535706520081,0.45703125
toothbrush,1,6,0.8722221851348877,0.6422536373138428,0.45703125
toothbrush,1,7,0.8388888835906982,0.5479955673217773,0.45703125
toothbrush,1,8,0.9055555462837219,0.60850590467453,0.45703125
toothbrush,1,9,0.8305554986000061,0.524935245513916,0.45703125
toothbrush,2,0,0.9222222566604614,0.6077037453651428,0.9140625
toothbrush,2,1,0.9111111164093018,0.5851600766181946,0.9140625
toothbrush,2,2,0.894444465637207,0.6037158966064453,0.9140625
toothbrush,2,3,0.8861111402511597,0.5697004199028015,0.9140625
toothbrush,2,4,0.9138888716697693,0.6114955544471741,0.9140625
toothbrush,2,5,0.9194444417953491,0.6119829416275024,0.9140625
toothbrush,2,6,0.8777778148651123,0.5953286290168762,0.9140625
toothbrush,2,7,0.8805555701255798,0.5176059007644653,0.9140625
toothbrush,2,8,0.9000000953674316,0.5913265347480774,0.9140625
toothbrush,2,9,0.8972222805023193,0.5996825098991394,0.9140625
toothbrush,5,0,0.9833333492279053,0.5888045430183411,2.296875
toothbrush,5,1,0.930555522441864,0.571861743927002,2.296875
toothbrush,5,2,0.9638888239860535,0.575962483882904,2.296875
toothbrush,5,3,0.9583333134651184,0.5866886377334595,2.296875
toothbrush,5,4,0.8916667103767395,0.5986658930778503,2.296875
toothbrush,5,5,0.9166666269302368,0.5910283327102661,2.296875
toothbrush,5,6,0.9916666746139526,0.6001761555671692,2.296875
toothbrush,5,7,0.9055556058883667,0.5202690958976746,2.296875
toothbrush,5,8,0.9000000953674316,0.5689103007316589,2.296875
toothbrush,5,9,0.9055555462837219,0.5894704461097717,2.296875
toothbrush,10,0,0.9916666746139526,0.5747990608215332,4.59375
toothbrush,10,1,0.9666666388511658,0.5705984234809875,4.59375
toothbrush,10,2,0.9888888597488403,0.5790820121765137,4.59375
toothbrush,10,3,1.0,0.5857491493225098,4.59375
toothbrush,10,4,0.8972222208976746,0.5855855345726013,4.59375
toothbrush,10,5,0.9833332896232605,0.5904139280319214,4.59375
toothbrush,10,6,0.9916666746139526,0.5905381441116333,4.59375
toothbrush,10,7,0.9583333730697632,0.5643523335456848,4.59375
toothbrush,10,8,0.9666666388511658,0.5847373008728027,4.59375
toothbrush,10,9,0.9861111044883728,0.5834628343582153,4.59375
toothbrush,15,0,0.986111044883728,0.5847148895263672,6.890625
toothbrush,15,1,1.0,0.5684528946876526,6.890625
toothbrush,15,2,0.9805555939674377,0.5777626037597656,6.890625
toothbrush,15,3,0.9972221851348877,0.5818740725517273,6.890625
toothbrush,15,4,0.9305556416511536,0.5917102098464966,6.890625
toothbrush,15,5,1.0,0.5822023749351501,6.890625
toothbrush,15,6,0.9888888597488403,0.5742760896682739,6.890625
toothbrush,15,7,0.9916666746139526,0.5745585560798645,6.890625
toothbrush,15,8,0.9944444894790649,0.5786520838737488,6.890625
toothbrush,15,9,1.0,0.5758774280548096,6.890625
toothbrush,20,0,0.9888888597488403,0.5810657739639282,9.1875
toothbrush,20,1,1.0,0.5715776085853577,9.1875
toothbrush,20,2,1.0,0.5775506496429443,9.1875
toothbrush,20,3,1.0,0.5782957077026367,9.1875
toothbrush,20,4,0.9694444537162781,0.5801495313644409,9.1875
toothbrush,20,5,0.986111044883728,0.5786643624305725,9.1875
toothbrush,20,6,1.0,0.5690103769302368,9.1875
toothbrush,20,7,0.9888888597488403,0.5703025460243225,9.1875
toothbrush,20,8,0.9972221851348877,0.5794639587402344,9.1875
toothbrush,20,9,0.9916666746139526,0.5691788196563721,9.1875
toothbrush,30,0,1.0,0.5738705992698669,13.78125
toothbrush,30,1,1.0,0.5685539841651917,13.78125
toothbrush,30,2,1.0,0.5703597664833069,13.78125
toothbrush,30,3,1.0,0.5769476890563965,13.78125
toothbrush,30,4,0.980555534362793,0.5742731690406799,13.78125
toothbrush,30,5,1.0,0.576407790184021,13.78125
toothbrush,30,6,0.9972221851348877,0.5654629468917847,13.78125
toothbrush,30,7,1.0,0.5664463639259338,13.78125
toothbrush,30,8,1.0,0.5780820846557617,13.78125
toothbrush,30,9,0.9888888597488403,0.5618972778320312,13.78125
toothbrush,50,0,0.9944444298744202,0.5687107443809509,22.96875
toothbrush,50,1,0.9972221851348877,0.5644036531448364,22.96875
toothbrush,50,2,1.0,0.5597051382064819,22.96875
toothbrush,50,3,0.9972221851348877,0.5683948993682861,22.96875
toothbrush,50,4,1.0,0.5694007873535156,22.96875
toothbrush,50,5,1.0,0.5678111910820007,22.96875
toothbrush,50,6,1.0,0.5723668932914734,22.96875
toothbrush,50,7,0.986111044883728,0.5672670006752014,22.96875
toothbrush,50,8,1.0,0.5681970119476318,22.96875
toothbrush,50,9,1.0,0.5668436884880066,22.96875
toothbrush,60,0,1.0,0.5667100548744202,27.5625
toothbrush,60,1,1.0,0.5640508532524109,27.5625
toothbrush,60,2,1.0,0.5648792386054993,27.5625
toothbrush,60,3,0.9972221851348877,0.5654454231262207,27.5625
toothbrush,60,4,1.0,0.5677066445350647,27.5625
toothbrush,60,5,0.9972221851348877,0.5626153945922852,27.5625
toothbrush,60,6,1.0,0.5630755424499512,27.5625
toothbrush,60,7,1.0,0.5628314018249512,27.5625
toothbrush,60,8,1.0,0.5670500993728638,27.5625
toothbrush,60,9,1.0,0.5678823590278625,27.5625
transistor,1,0,0.9491666555404663,0.574198305606842,0.45703125
transistor,1,1,0.5991666316986084,0.4566071331501007,0.45703125
transistor,1,2,0.67208331823349,0.4875847101211548,0.45703125
transistor,1,3,0.9375,0.5656543970108032,0.45703125
transistor,1,4,0.7012500166893005,0.42869052290916443,0.45703125
transistor,1,5,0.5199999809265137,0.4168991148471832,0.45703125
transistor,1,6,0.9716667532920837,0.6201661229133606,0.45703125
transistor,1,7,0.9454167485237122,0.6178414225578308,0.45703125
transistor,1,8,0.9020833373069763,0.5709006190299988,0.45703125
transistor,1,9,0.5920833349227905,0.4467214047908783,0.45703125
transistor,2,0,0.96916663646698,0.61357581615448,0.9140625
transistor,2,1,0.9858332872390747,0.6349749565124512,0.9140625
transistor,2,2,0.8858333230018616,0.5835770964622498,0.9140625
transistor,2,3,0.9300000071525574,0.5372007489204407,0.9140625
transistor,2,4,0.9650000333786011,0.6029041409492493,0.9140625
transistor,2,5,0.5745833516120911,0.411728173494339,0.9140625
transistor,2,6,0.9883333444595337,0.6448363065719604,0.9140625
transistor,2,7,0.9808334112167358,0.630993127822876,0.9140625
transistor,2,8,0.9295834302902222,0.611323893070221,0.9140625
transistor,2,9,0.6500000357627869,0.5170446038246155,0.9140625
transistor,5,0,0.9908332228660583,0.660338819026947,2.296875
transistor,5,1,0.9783333539962769,0.6295507550239563,2.296875
transistor,5,2,0.9216666221618652,0.603484570980072,2.296875
transistor,5,3,0.9545833468437195,0.566631555557251,2.296875
transistor,5,4,0.996666669845581,0.6579166054725647,2.296875
transistor,5,5,0.997083306312561,0.6344462037086487,2.296875
transistor,5,6,0.9945833683013916,0.6690983176231384,2.296875
transistor,5,7,0.9762500524520874,0.6376689076423645,2.296875
transistor,5,8,0.9841666221618652,0.6290220618247986,2.296875
transistor,5,9,0.9695833921432495,0.6223440766334534,2.296875
transistor,10,0,0.9983332753181458,0.6909030079841614,4.59375
transistor,10,1,0.9937499761581421,0.6851392388343811,4.59375
transistor,10,2,0.89083331823349,0.6004924774169922,4.59375
transistor,10,3,0.9862500429153442,0.6361834406852722,4.59375
transistor,10,4,0.9966666102409363,0.6568702459335327,4.59375
transistor,10,5,0.9987500309944153,0.6571406722068787,4.59375
transistor,10,6,0.9962499141693115,0.6722960472106934,4.59375
transistor,10,7,0.9733333587646484,0.635595440864563,4.59375
transistor,10,8,0.9950000047683716,0.6663463711738586,4.59375
transistor,10,9,0.9962499737739563,0.6661186814308167,4.59375
transistor,15,0,0.9995833039283752,0.7051580548286438,6.890625
transistor,15,1,0.9941666126251221,0.6794646382331848,6.890625
transistor,15,2,0.9550000429153442,0.6170334219932556,6.890625
transistor,15,3,0.9870833158493042,0.6283742189407349,6.890625
transistor,15,4,0.9987499117851257,0.6885942816734314,6.890625
transistor,15,5,0.9999999403953552,0.6723204851150513,6.890625
transistor,15,6,0.9987499117851257,0.6899747848510742,6.890625
transistor,15,7,0.9808332920074463,0.6462297439575195,6.890625
transistor,15,8,0.9954165816307068,0.6849473118782043,6.890625
transistor,15,9,0.9883333444595337,0.6573950052261353,6.890625
transistor,20,0,0.9983332753181458,0.7060097455978394,9.1875
transistor,20,1,0.9941666126251221,0.6839234232902527,9.1875
transistor,20,2,0.9441666603088379,0.6077761054039001,9.1875
transistor,20,3,0.9816666841506958,0.6511651873588562,9.1875
transistor,20,4,0.9987500309944153,0.6869085431098938,9.1875
transistor,20,5,0.9983332753181458,0.6820955872535706,9.1875
transistor,20,6,0.9975000023841858,0.6857308745384216,9.1875
transistor,20,7,0.9958332180976868,0.657676100730896,9.1875
transistor,20,8,0.9937499761581421,0.6860359907150269,9.1875
transistor,20,9,0.9891666173934937,0.6559211611747742,9.1875
transistor,30,0,0.9995833039283752,0.7012929320335388,13.78125
transistor,30,1,0.9962499737739563,0.6873406767845154,13.78125
transistor,30,2,0.9954166412353516,0.6557289361953735,13.78125
transistor,30,3,0.9899999499320984,0.6738569736480713,13.78125
transistor,30,4,0.9991666674613953,0.6989369988441467,13.78125
transistor,30,5,0.997083306312561,0.6819661259651184,13.78125
transistor,30,6,0.9991666674613953,0.6924619674682617,13.78125
transistor,30,7,0.9908334016799927,0.6661853194236755,13.78125
transistor,30,8,0.9999999403953552,0.7071316838264465,13.78125
transistor,30,9,0.9991666674613953,0.6920371055603027,13.78125
transistor,50,0,0.9975000023841858,0.7029711604118347,22.96875
transistor,50,1,0.9983332753181458,0.6869678497314453,22.96875
transistor,50,2,0.997083306312561,0.6824476718902588,22.96875
transistor,50,3,0.9937499165534973,0.6778621077537537,22.96875
transistor,50,4,0.9999999403953552,0.7043023109436035,22.96875
transistor,50,5,0.9991666674613953,0.7005203366279602,22.96875
transistor,50,6,0.9995833039283752,0.7030677199363708,22.96875
transistor,50,7,0.9975000023841858,0.6930562257766724,22.96875
transistor,50,8,0.9991666674613953,0.7095761299133301,22.96875
transistor,50,9,0.9991666674613953,0.7084807753562927,22.96875
transistor,53,0,0.9987499117851257,0.7035566568374634,24.345703125
transistor,53,1,0.9974998831748962,0.6863899827003479,24.345703125
transistor,53,2,0.9920833706855774,0.6816765069961548,24.345703125
transistor,53,3,0.9937499165534973,0.6791826486587524,24.345703125
transistor,53,4,0.9991666674613953,0.700232744216919,24.345703125
transistor,53,5,0.9999999403953552,0.697334885597229,24.345703125
transistor,53,6,0.9995833039283752,0.7024521231651306,24.345703125
transistor,53,7,0.9975000023841858,0.6938680410385132,24.345703125
transistor,53,8,0.9999999403953552,0.7108449935913086,24.345703125
transistor,53,9,0.9999999403953552,0.7088978886604309,24.345703125
transistor,106,0,0.9979166388511658,0.7143009305000305,48.69140625
transistor,106,1,0.9999999403953552,0.7000619769096375,48.69140625
transistor,106,2,0.9945833683013916,0.699440062046051,48.69140625
transistor,106,3,0.9999999403953552,0.7011038064956665,48.69140625
transistor,106,4,0.9999999403953552,0.7017263174057007,48.69140625
transistor,106,5,0.9995833039283752,0.7008879780769348,48.69140625
transistor,106,6,0.9991666674613953,0.7051447629928589,48.69140625
transistor,106,7,0.9979166388511658,0.704190731048584,48.69140625
transistor,106,8,0.9975000023841858,0.7060772776603699,48.69140625
transistor,106,9,0.997083306312561,0.7098580598831177,48.69140625
transistor,159,0,0.9987500309944153,0.7098405361175537,73.037109375
transistor,159,1,0.9999999403953552,0.7067355513572693,73.037109375
transistor,159,2,0.9995833039283752,0.7029750943183899,73.037109375
transistor,159,3,0.9999999403953552,0.7047064900398254,73.037109375
transistor,159,4,0.9999999403953552,0.7039456963539124,73.037109375
transistor,159,5,0.9999999403953552,0.6989712715148926,73.037109375
transistor,159,6,0.9975000023841858,0.7053365707397461,73.037109375
transistor,159,7,0.9995833039283752,0.7095212936401367,73.037109375
transistor,159,8,0.9987499117851257,0.7066634893417358,73.037109375
transistor,159,9,0.9995833039283752,0.7045855522155762,73.037109375
transistor,213,0,0.9987499117851257,0.7072339653968811,97.845703125
transistor,213,1,0.9987499117851257,0.7079657912254333,97.845703125
transistor,213,2,0.9999999403953552,0.7086812257766724,97.845703125
transistor,213,3,0.9999999403953552,0.7074958086013794,97.845703125
transistor,213,4,0.9999999403953552,0.7089665532112122,97.845703125
transistor,213,5,0.9974998831748962,0.7074272036552429,97.845703125
transistor,213,6,0.9999999403953552,0.709584653377533,97.845703125
transistor,213,7,0.9995833039283752,0.7083479762077332,97.845703125
transistor,213,8,0.9995833039283752,0.7079835534095764,97.845703125
transistor,213,9,0.9999999403953552,0.7055718302726746,97.845703125
wood,1,0,0.9842105507850647,0.43198105692863464,0.45703125
wood,1,1,0.9824562072753906,0.4291866421699524,0.45703125
wood,1,2,0.9745613932609558,0.4398902356624603,0.45703125
wood,1,3,0.9798245429992676,0.43763765692710876,0.45703125
wood,1,4,0.9815790057182312,0.43462756276130676,0.45703125
wood,1,5,0.9719298481941223,0.44712600111961365,0.45703125
wood,1,6,0.9798246026039124,0.4388079345226288,0.45703125
wood,1,7,0.9824561476707458,0.42722272872924805,0.45703125
wood,1,8,0.9807016849517822,0.42137402296066284,0.45703125
wood,1,9,0.9798245429992676,0.42638376355171204,0.45703125
wood,2,0,0.9815789461135864,0.4550461769104004,0.9140625
wood,2,1,0.9859649538993835,0.4530889689922333,0.9140625
wood,2,2,0.9771930575370789,0.4473312199115753,0.9140625
wood,2,3,0.9815790057182312,0.4371281862258911,0.9140625
wood,2,4,0.9815789461135864,0.4519480764865875,0.9140625
wood,2,5,0.9763157963752747,0.4445399045944214,0.9140625
wood,2,6,0.9842104911804199,0.45267167687416077,0.9140625
wood,2,7,0.9842105507850647,0.43137431144714355,0.9140625
wood,2,8,0.9771929979324341,0.4303705096244812,0.9140625
wood,2,9,0.9763157367706299,0.44626566767692566,0.9140625
wood,5,0,0.9807018041610718,0.47478699684143066,2.296875
wood,5,1,0.9842105507850647,0.45782575011253357,2.296875
wood,5,2,0.9824561476707458,0.44507452845573425,2.296875
wood,5,3,0.9842104911804199,0.44775062799453735,2.296875
wood,5,4,0.9859648942947388,0.45634567737579346,2.296875
wood,5,5,0.9815789461135864,0.43706214427948,2.296875
wood,5,6,0.985964834690094,0.45448049902915955,2.296875
wood,5,7,0.9859648942947388,0.44797009229660034,2.296875
wood,5,8,0.9815788865089417,0.4566727876663208,2.296875
wood,5,9,0.9798246026039124,0.44747260212898254,2.296875
wood,10,0,0.9824561476707458,0.4710685908794403,4.59375
wood,10,1,0.9859648942947388,0.4501497745513916,4.59375
wood,10,2,0.980701744556427,0.45121029019355774,4.59375
wood,10,3,0.9833332896232605,0.4529772102832794,4.59375
wood,10,4,0.9877193570137024,0.4547739326953888,4.59375
wood,10,5,0.9824561476707458,0.441360205411911,4.59375
wood,10,6,0.9850876927375793,0.4509795606136322,4.59375
wood,10,7,0.9842104911804199,0.45225587487220764,4.59375
wood,10,8,0.9798246026039124,0.45470544695854187,4.59375
wood,10,9,0.9842105507850647,0.4434177577495575,4.59375
wood,15,0,0.98333340883255,0.4732740819454193,6.890625
wood,15,1,0.9859648942947388,0.453972727060318,6.890625
wood,15,2,0.980701744556427,0.45175430178642273,6.890625
wood,15,3,0.9824561476707458,0.4553457498550415,6.890625
wood,15,4,0.98333340883255,0.446816623210907,6.890625
wood,15,5,0.9842105507850647,0.44580280780792236,6.890625
wood,15,6,0.9824561476707458,0.4557468593120575,6.890625
wood,15,7,0.986842155456543,0.4581927955150604,6.890625
wood,15,8,0.9859648942947388,0.45126181840896606,6.890625
wood,15,9,0.9850877523422241,0.4468536674976349,6.890625
wood,20,0,0.9824561476707458,0.46918785572052,9.1875
wood,20,1,0.9885965585708618,0.4523017406463623,9.1875
wood,20,2,0.9824562072753906,0.4578686058521271,9.1875
wood,20,3,0.9815790057182312,0.4575657844543457,9.1875
wood,20,4,0.9842105507850647,0.445811003446579,9.1875
wood,20,5,0.9850877523422241,0.447409987449646,9.1875
wood,20,6,0.9842105507850647,0.47069600224494934,9.1875
wood,20,7,0.9877193570137024,0.4539982080459595,9.1875
wood,20,8,0.9850877523422241,0.45397570729255676,9.1875
wood,20,9,0.9833333492279053,0.44257792830467224,9.1875
wood,30,0,0.9833333492279053,0.46835339069366455,13.78125
wood,30,1,0.9903508424758911,0.4530874788761139,13.78125
wood,30,2,0.9859648942947388,0.4621768593788147,13.78125
wood,30,3,0.9842105507850647,0.448181688785553,13.78125
wood,30,4,0.9833332896232605,0.44896820187568665,13.78125
wood,30,5,0.9877193570137024,0.44758573174476624,13.78125
wood,30,6,0.9842105507850647,0.47022607922554016,13.78125
wood,30,7,0.9868420958518982,0.4579713046550751,13.78125
wood,30,8,0.9859649538993835,0.45823320746421814,13.78125
wood,30,9,0.9842104911804199,0.4594113528728485,13.78125
wood,50,0,0.9859648942947388,0.4735530912876129,22.96875
wood,50,1,0.985964834690094,0.4613279104232788,22.96875
wood,50,2,0.9842105507850647,0.4663824737071991,22.96875
wood,50,3,0.9824561476707458,0.4637240171432495,22.96875
wood,50,4,0.9833333492279053,0.4461771547794342,22.96875
wood,50,5,0.988596498966217,0.4490263760089874,22.96875
wood,50,6,0.9842105507850647,0.47054991126060486,22.96875
wood,50,7,0.9868422150611877,0.4572356939315796,22.96875
wood,50,8,0.9850876927375793,0.4600154757499695,22.96875
wood,50,9,0.9859648942947388,0.46430835127830505,22.96875
wood,61,0,0.9850877523422241,0.4666488468647003,28.01953125
wood,61,1,0.9850876927375793,0.460242360830307,28.01953125
wood,61,2,0.9859648942947388,0.4646715819835663,28.01953125
wood,61,3,0.9859648942947388,0.46767356991767883,28.01953125
wood,61,4,0.9833332896232605,0.4540858566761017,28.01953125
wood,61,5,0.9877193570137024,0.44927364587783813,28.01953125
wood,61,6,0.9850878119468689,0.4660208523273468,28.01953125
wood,61,7,0.9859650135040283,0.45729339122772217,28.01953125
wood,61,8,0.9850876927375793,0.46357840299606323,28.01953125
wood,61,9,0.9850877523422241,0.46545273065567017,28.01953125
wood,123,0,0.9859649538993835,0.46666839718818665,56.501953125
wood,123,1,0.989473819732666,0.4708278477191925,56.501953125
wood,123,2,0.9859649538993835,0.4628722071647644,56.501953125
wood,123,3,0.9903508424758911,0.4673279821872711,56.501953125
wood,123,4,0.9894737005233765,0.46189799904823303,56.501953125
wood,123,5,0.9903509020805359,0.4552125334739685,56.501953125
wood,123,6,0.986842155456543,0.4722966253757477,56.501953125
wood,123,7,0.9850877523422241,0.46042609214782715,56.501953125
wood,123,8,0.9850877523422241,0.4674527943134308,56.501953125
wood,123,9,0.988596498966217,0.4718984365463257,56.501953125
wood,185,0,0.9877192974090576,0.47118666768074036,84.984375
wood,185,1,0.9877193570137024,0.4725401699542999,84.984375
wood,185,2,0.9885964393615723,0.468605101108551,84.984375
wood,185,3,0.9903509616851807,0.4745264947414398,84.984375
wood,185,4,0.9894737005233765,0.4575367569923401,84.984375
wood,185,5,0.9885965585708618,0.46901386976242065,84.984375
wood,185,6,0.9885965585708618,0.4678284823894501,84.984375
wood,185,7,0.9877192974090576,0.4725033640861511,84.984375
wood,185,8,0.9859648942947388,0.4712923467159271,84.984375
wood,185,9,0.9859650135040283,0.4690372049808502,84.984375
wood,247,0,0.986842155456543,0.4666467308998108,113.4609375
wood,247,1,0.9885965585708618,0.4689594507217407,113.4609375
wood,247,2,0.9885965585708618,0.4694215655326843,113.4609375
wood,247,3,0.989473819732666,0.47062909603118896,113.4609375
wood,247,4,0.9894737005233765,0.47026053071022034,113.4609375
wood,247,5,0.9885965585708618,0.46996310353279114,113.4609375
wood,247,6,0.9877194166183472,0.47015801072120667,113.4609375
wood,247,7,0.989473819732666,0.46975451707839966,113.4609375
wood,247,8,0.988596498966217,0.46854615211486816,113.4609375
wood,247,9,0.9894736409187317,0.4690222144126892,113.4609375
zipper,1,0,0.9403886198997498,0.45944321155548096,0.45703125
zipper,1,1,0.9527310729026794,0.4583899974822998,0.45703125
zipper,1,2,0.9598214626312256,0.4895397126674652,0.45703125
zipper,1,3,0.942489504814148,0.46687790751457214,0.45703125
zipper,1,4,0.9598214030265808,0.4902454614639282,0.45703125
zipper,1,5,0.9766281247138977,0.4843246042728424,0.45703125
zipper,1,6,0.9322478771209717,0.4443442225456238,0.45703125
zipper,1,7,0.941964328289032,0.4526634216308594,0.45703125
zipper,1,8,0.931197464466095,0.4451555907726288,0.45703125
zipper,1,9,0.9498424530029297,0.446417897939682,0.45703125
zipper,2,0,0.9411764740943909,0.4623471200466156,0.9140625
zipper,2,1,0.9595588445663452,0.4688571095466614,0.9140625
zipper,2,2,0.9745272994041443,0.48957744240760803,0.9140625
zipper,2,3,0.9564075469970703,0.48691636323928833,0.9140625
zipper,2,4,0.966911792755127,0.5004447102546692,0.9140625
zipper,2,5,0.9758403301239014,0.49479562044143677,0.9140625
zipper,2,6,0.9403886795043945,0.4504114091396332,0.9140625
zipper,2,7,0.9464285373687744,0.45730060338974,0.9140625
zipper,2,8,0.9558823704719543,0.45885130763053894,0.9140625
zipper,2,9,0.9532563090324402,0.4822351634502411,0.9140625
zipper,5,0,0.9398634433746338,0.45410215854644775,2.296875
zipper,5,1,0.971113383769989,0.47663813829421997,2.296875
zipper,5,2,0.9700630903244019,0.4794839024543762,2.296875
zipper,5,3,0.9734769463539124,0.5095066428184509,2.296875
zipper,5,4,0.9740021228790283,0.4964956045150757,2.296875
zipper,5,5,0.9837185144424438,0.4943363070487976,2.296875
zipper,5,6,0.9805672764778137,0.4896329641342163,2.296875
zipper,5,7,0.9734768867492676,0.4792006015777588,2.296875
zipper,5,8,0.9459033012390137,0.47113919258117676,2.296875
zipper,5,9,0.9679621458053589,0.4825592041015625,2.296875
zipper,10,0,0.963760495185852,0.4705520272254944,4.59375
zipper,10,1,0.9713761210441589,0.48145365715026855,4.59375
zipper,10,2,0.9758402705192566,0.48846709728240967,4.59375
zipper,10,3,0.9745273590087891,0.49550649523735046,4.59375
zipper,10,4,0.9852941036224365,0.5076807737350464,4.59375
zipper,10,5,0.9810924530029297,0.49613356590270996,4.59375
zipper,10,6,0.9776785969734192,0.4851929843425751,4.59375
zipper,10,7,0.9902836084365845,0.4948267340660095,4.59375
zipper,10,8,0.964285671710968,0.48480314016342163,4.59375
zipper,10,9,0.9766281843185425,0.49016812443733215,4.59375
zipper,15,0,0.9655987620353699,0.48111140727996826,6.890625
zipper,15,1,0.9713760614395142,0.4870944321155548,6.890625
zipper,15,2,0.9792541861534119,0.4929969012737274,6.890625
zipper,15,3,0.9679622054100037,0.4911227226257324,6.890625
zipper,15,4,0.9918592572212219,0.5094519853591919,6.890625
zipper,15,5,0.979516863822937,0.5024279356002808,6.890625
zipper,15,6,0.9789915680885315,0.49382683634757996,6.890625
zipper,15,7,0.9902836084365845,0.5013253092765808,6.890625
zipper,15,8,0.9766280651092529,0.4988715648651123,6.890625
zipper,15,9,0.9747899174690247,0.49949267506599426,6.890625
zipper,20,0,0.9737394452095032,0.4933122992515564,9.1875
zipper,20,1,0.9745273590087891,0.4985598623752594,9.1875
zipper,20,2,0.9784664511680603,0.500711977481842,9.1875
zipper,20,3,0.9726890921592712,0.4958849549293518,9.1875
zipper,20,4,0.9847689867019653,0.5049962401390076,9.1875
zipper,20,5,0.9845063090324402,0.512366533279419,9.1875
zipper,20,6,0.9871323704719543,0.5002952218055725,9.1875
zipper,20,7,0.9931722283363342,0.5037910342216492,9.1875
zipper,20,8,0.9816175699234009,0.5012719631195068,9.1875
zipper,20,9,0.9740021228790283,0.4986284375190735,9.1875
zipper,30,0,0.9774158596992493,0.4982614815235138,13.78125
zipper,30,1,0.9813550710678101,0.49672263860702515,13.78125
zipper,30,2,0.9829306602478027,0.5032117962837219,13.78125
zipper,30,3,0.9755776524543762,0.503903865814209,13.78125
zipper,30,4,0.9900209903717041,0.5080690979957581,13.78125
zipper,30,5,0.9834558963775635,0.5140693783760071,13.78125
zipper,30,6,0.9863446354866028,0.4953075051307678,13.78125
zipper,30,7,0.9908087849617004,0.5090007781982422,13.78125
zipper,30,8,0.9860818386077881,0.5049941539764404,13.78125
zipper,30,9,0.9745272397994995,0.4999120831489563,13.78125
zipper,50,0,0.988707959651947,0.504125714302063,22.96875
zipper,50,1,0.9826680421829224,0.5047301650047302,22.96875
zipper,50,2,0.9871323704719543,0.5103746652603149,22.96875
zipper,50,3,0.976102888584137,0.5051051378250122,22.96875
zipper,50,4,0.9871323704719543,0.5121257305145264,22.96875
zipper,50,5,0.9845062494277954,0.5117030739784241,22.96875
zipper,50,6,0.9845063090324402,0.5048875212669373,22.96875
zipper,50,7,0.9915965795516968,0.5154241919517517,22.96875
zipper,50,8,0.9884452819824219,0.5089475512504578,22.96875
zipper,50,9,0.9766281247138977,0.5077694654464722,22.96875
zipper,60,0,0.988182783126831,0.5061010718345642,27.5625
zipper,60,1,0.9808297753334045,0.5029231309890747,27.5625
zipper,60,2,0.9863444566726685,0.5114608407020569,27.5625
zipper,60,3,0.9779411554336548,0.5068596005439758,27.5625
zipper,60,4,0.985819399356842,0.5131518840789795,27.5625
zipper,60,5,0.9866071343421936,0.5141848921775818,27.5625
zipper,60,6,0.9847689270973206,0.507183313369751,27.5625
zipper,60,7,0.9894958138465881,0.5131673812866211,27.5625
zipper,60,8,0.9892331957817078,0.5103403329849243,27.5625
zipper,60,9,0.9768908023834229,0.5101061463356018,27.5625
zipper,120,0,0.991334080696106,0.5103933811187744,55.125
zipper,120,1,0.9866070747375488,0.5104398131370544,55.125
zipper,120,2,0.9884454011917114,0.5160202980041504,55.125
zipper,120,3,0.9850314259529114,0.5133219957351685,55.125
zipper,120,4,0.9876576066017151,0.5174023509025574,55.125
zipper,120,5,0.9892331957817078,0.5147318840026855,55.125
zipper,120,6,0.9905462861061096,0.5117383599281311,55.125
zipper,120,7,0.988707959651947,0.5125932693481445,55.125
zipper,120,8,0.9908087253570557,0.5165741443634033,55.125
zipper,120,9,0.9923844933509827,0.5155947804450989,55.125
zipper,180,0,0.9894958138465881,0.5161504745483398,82.6875
zipper,180,1,0.9913340210914612,0.5125531554222107,82.6875
zipper,180,2,0.9902836680412292,0.5155712366104126,82.6875
zipper,180,3,0.9884453415870667,0.5152584910392761,82.6875
zipper,180,4,0.9889705777168274,0.5175804495811462,82.6875
zipper,180,5,0.9910714030265808,0.5153916478157043,82.6875
zipper,180,6,0.9936974048614502,0.5169557929039001,82.6875
zipper,180,7,0.9905461668968201,0.5146483182907104,82.6875
zipper,180,8,0.9908088445663452,0.5170035362243652,82.6875
zipper,180,9,0.9902835488319397,0.5156283974647522,82.6875
zipper,240,0,0.9921218752861023,0.5169736742973328,110.25
zipper,240,1,0.9900209903717041,0.5141441822052002,110.25
zipper,240,2,0.9915966391563416,0.5160232782363892,110.25
zipper,240,3,0.993697464466095,0.5153723955154419,110.25
zipper,240,4,0.9913339018821716,0.5158443450927734,110.25
zipper,240,5,0.9950103759765625,0.5151786804199219,110.25
zipper,240,6,0.9921218752861023,0.5191968679428101,110.25
zipper,240,7,0.9915966391563416,0.5146474242210388,110.25
zipper,240,8,0.9910714030265808,0.5177721977233887,110.25
zipper,240,9,0.9934347867965698,0.5172589421272278,110.25
